Neuron,Cluster,TSNE_1,TSNE_2,NeuronName,Canonical
Neuron_0,0,54.762474,12.562078,ADAL,❌
Neuron_1,0,56.59917,16.76889,ADAR,❌
Neuron_2,0,53.8111,14.155052,ADEL,❌
Neuron_3,0,51.737907,-0.19877544,ADER,❌
Neuron_4,0,38.0243,-9.854448,ADF,❌
Neuron_5,0,44.55373,-6.012557,ADFL,❌
Neuron_6,0,56.81977,18.693596,ADFR,❌
Neuron_7,0,55.368546,11.499727,ADL,❌
Neuron_8,0,0.1010961,-13.7643795,ADLL,❌
Neuron_9,0,53.485558,8.791423,ADLR,❌
Neuron_10,0,55.453278,14.046073,AINL,❌
Neuron_11,0,49.513485,-5.619223,AINR,❌
Neuron_12,0,52.253815,5.828279,AIZL,❌
Neuron_13,0,51.157906,12.036619,AIZR,❌
Neuron_14,0,47.162136,3.3733149,ALA,❌
Neuron_15,0,42.648155,-6.202831,ALML,❌
Neuron_16,0,48.854553,-6.5678844,ALMR,❌
Neuron_17,0,48.231792,-8.102285,ALNL,❌
Neuron_18,0,57.633408,15.7111845,ALNR,❌
Neuron_19,0,58.038383,13.355235,AQR,❌
Neuron_20,0,59.06732,16.614544,ASEL,❌
Neuron_21,0,48.125053,3.0329468,ASER,❌
Neuron_22,0,47.294735,-5.002648,ASGL,❌
Neuron_23,0,47.11769,-9.1945095,ASGR,❌
Neuron_24,0,59.08128,17.648464,ASHL,❌
Neuron_25,0,58.855965,17.206768,ASHR,❌
Neuron_26,0,43.922848,-8.690645,ASIL,❌
Neuron_27,0,49.861874,8.964048,ASIR,❌
Neuron_28,0,55.497074,20.06361,ASJL,❌
Neuron_29,0,55.253475,19.754843,ASJR,❌
Neuron_30,0,57.579273,14.980728,ASKL,❌
Neuron_31,0,55.051487,19.31709,ASKR,❌
Neuron_32,0,55.25707,12.322479,AUAL,❌
Neuron_33,0,49.08656,9.909037,AUAR,❌
Neuron_34,0,48.528988,3.0709703,AVAL,❌
Neuron_35,0,54.07365,9.57099,AVAR,❌
Neuron_36,0,52.81511,1.1174542,AVBL,❌
Neuron_37,0,47.037476,-0.84164155,AVBR,❌
Neuron_38,0,53.807697,11.160464,AVDL,❌
Neuron_39,0,42.43251,-10.644153,AVDR,❌
Neuron_40,0,47.11717,-10.53148,AVEL,❌
Neuron_41,0,53.592056,10.22304,AVER,❌
Neuron_42,0,46.614716,3.5786378,AVFL,❌
Neuron_43,0,51.77795,2.2447093,AVFR,❌
Neuron_44,0,57.85921,16.260986,AVG,❌
Neuron_45,0,45.50558,-4.7189155,AVHL,❌
Neuron_46,0,51.64641,-1.2328756,AVHR,❌
Neuron_47,0,49.36442,10.851756,AVJL,❌
Neuron_48,0,46.127823,-4.6483707,AVJR,❌
Neuron_49,0,58.023464,9.8556185,AVKL,❌
Neuron_50,0,58.75296,13.611791,AVKR,❌
Neuron_51,0,59.780754,16.236795,AVL,❌
Neuron_52,0,52.183266,5.041053,AWAL,❌
Neuron_53,0,47.52858,-7.8632746,AWAR,❌
Neuron_54,0,48.850727,-7.313579,AWBL,❌
Neuron_55,0,58.72375,12.351655,AWBR,❌
Neuron_56,0,52.110737,0.5863138,AWCL,❌
Neuron_57,0,50.30231,-6.8165593,AWCR,❌
Neuron_58,0,55.30512,14.917829,BAGL,❌
Neuron_59,0,50.385204,14.142072,BAGR,❌
Neuron_60,0,54.74983,10.716063,BDUL,❌
Neuron_61,0,47.21592,3.8812592,BDUR,❌
Neuron_62,0,51.11389,11.827595,CANL,❌
Neuron_63,0,50.770454,2.7809417,CANR,❌
Neuron_64,0,57.45282,9.993295,CEPDL,❌
Neuron_65,0,56.6779,9.987551,CEPDR,❌
Neuron_66,0,58.42953,12.774521,CEPVL,❌
Neuron_67,0,59.59217,13.040705,CEPVR,❌
Neuron_68,0,43.166626,-7.5604277,DA01,❌
Neuron_69,0,44.997566,-4.392262,DA02,❌
Neuron_70,0,41.22718,-7.1189055,DA03,❌
Neuron_71,0,54.69062,16.223654,DA04,❌
Neuron_72,0,57.84435,9.681421,DA05,❌
Neuron_73,0,52.133175,2.003074,DA06,❌
Neuron_74,0,52.077564,11.841298,DA07,❌
Neuron_75,0,51.210106,3.1001027,DA08,❌
Neuron_76,0,45.082886,-8.081049,DA09,❌
Neuron_77,0,56.63929,15.356348,DB01,❌
Neuron_78,0,44.818714,-11.348514,DB02,❌
Neuron_79,0,57.096603,20.13101,DB03,❌
Neuron_80,0,42.834206,-11.17682,DB04,❌
Neuron_81,0,57.81401,12.213364,DB05,❌
Neuron_82,0,59.82534,15.451152,DB06,❌
Neuron_83,0,47.67681,1.1002685,DB07,❌
Neuron_84,0,42.556393,-10.873436,DD01,❌
Neuron_85,0,51.586384,2.8868284,DD02,❌
Neuron_86,0,40.26052,-2.4545636,DD03,❌
Neuron_87,0,52.94551,14.29124,DD04,❌
Neuron_88,0,7.139911,-15.527699,DD05,❌
Neuron_89,0,47.99746,1.6955936,DVA,❌
Neuron_90,3,-61.655285,16.994322,DVB,❌
Neuron_91,0,3.3144479,-14.713678,DVC,❌
Neuron_92,0,53.786205,16.29088,FLPL,❌
Neuron_93,0,4.63869,-16.487455,FLPR,❌
Neuron_94,0,37.231876,-5.2320366,HSNL,❌
Neuron_95,0,47.298134,1.4041983,HSNR,❌
Neuron_96,0,46.55889,-3.3686836,IAL,❌
Neuron_97,0,46.638172,-2.856774,IAR,❌
Neuron_98,0,35.9617,-13.279516,IBDL,❌
Neuron_99,0,51.61953,1.0384934,IBDR,❌
Neuron_100,0,52.227276,-0.57739955,IL1DL,❌
Neuron_101,0,52.405804,6.740745,IL1DR,❌
Neuron_102,0,54.587452,18.302113,IL1L,❌
Neuron_103,0,55.81838,12.438289,IL1R,❌
Neuron_104,0,45.214466,-2.1277077,IL1VL,❌
Neuron_105,0,43.235428,-5.4183917,IL1VR,❌
Neuron_106,0,53.02939,2.1148336,IL2DL,❌
Neuron_107,0,-1.782711,-18.54675,IL2DR,❌
Neuron_108,0,59.059307,11.639449,IL2L,❌
Neuron_109,0,41.88063,-9.325438,IL2R,❌
Neuron_110,0,46.590073,-9.704823,IL2VL,❌
Neuron_111,0,57.280857,11.206262,IL2VR,❌
Neuron_112,0,58.115448,11.979332,LUAL,❌
Neuron_113,0,57.3203,8.395959,LUAR,❌
Neuron_114,0,59.53623,13.551613,M1,❌
Neuron_115,0,42.08032,-6.0200067,M2L,❌
Neuron_116,0,56.39452,10.056358,M2R,❌
Neuron_117,6,-19.933012,-0.16942203,M3L,❌
Neuron_118,3,-50.105354,19.763676,M3R,❌
Neuron_119,3,-55.403904,18.58284,M4,❌
Neuron_120,6,-22.00853,1.7403578,M5,❌
Neuron_121,6,-47.820927,20.488565,MI,❌
Neuron_122,0,-4.140329,1.3840283,NSML,❌
Neuron_123,6,-17.984253,0.021357527,NSMR,❌
Neuron_124,3,-52.330105,19.385807,OLLL,❌
Neuron_125,6,-9.022385,0.06465273,OLLR,❌
Neuron_126,3,-53.901653,19.717854,OLQDL,❌
Neuron_127,3,-54.636223,18.895023,OLQDR,❌
Neuron_128,3,-56.131577,18.569426,OLQVL,❌
Neuron_129,6,-46.338383,21.333263,OLQVR,❌
Neuron_130,3,-54.120945,18.088638,PDA,❌
Neuron_131,3,-51.860153,19.041943,PDB,❌
Neuron_132,3,-55.251545,18.773926,PDEL,❌
Neuron_133,6,-16.595747,-2.1958528,PDER,❌
Neuron_134,3,-51.284534,19.89814,PHAL,❌
Neuron_135,3,-58.232822,18.971714,PHAR,❌
Neuron_136,3,-59.104656,19.509958,PHBL,❌
Neuron_137,3,-58.461697,19.036993,PHBR,❌
Neuron_138,3,-59.88392,19.952333,PHCL,❌
Neuron_139,3,-59.88392,19.952333,PHCR,❌
Neuron_140,6,-15.541163,-3.8011124,PHDL,❌
Neuron_141,6,-20.096111,1.9765737,PHDR,❌
Neuron_142,3,-50.951733,19.770025,PHFL,❌
Neuron_143,3,-61.394268,16.034649,PHFR,❌
Neuron_144,6,-18.678936,1.4472768,PHLL,❌
Neuron_145,0,-4.5358267,0.75058556,PHLR,❌
Neuron_146,6,-8.5902815,-0.056005467,PHNL,❌
Neuron_147,3,-50.679955,18.853943,PHNR,❌
Neuron_148,3,-60.253654,19.2447,PLML,❌
Neuron_149,0,-4.100247,1.5535994,PLMR,❌
Neuron_150,0,1.9479475,-10.018486,PLNL,❌
Neuron_151,6,-42.18661,16.213064,PLNR,❌
Neuron_152,3,-50.855232,19.166885,PQR,❌
Neuron_153,6,-34.339714,14.73796,PVCL,❌
Neuron_154,0,-5.1129594,2.1680117,PVCR,❌
Neuron_155,3,-49.789833,22.3694,PVDL,❌
Neuron_156,6,-21.53163,1.2466784,PVDR,❌
Neuron_157,6,-6.9137144,2.1533773,PVM,❌
Neuron_158,6,-7.069897,2.242628,PVNL,❌
Neuron_159,6,-15.265636,0.28090218,PVNR,❌
Neuron_160,6,-15.416531,-4.2649117,PVPL,❌
Neuron_161,6,-30.146141,12.015753,PVPR,❌
Neuron_162,7,-70.42638,6.996092,PVR,❌
Neuron_163,7,-70.076584,6.8677783,PVT,❌
Neuron_164,7,-70.42638,6.996092,PVWL,❌
Neuron_165,7,-70.42638,6.996092,PVWR,❌
Neuron_166,7,-70.24003,6.5813646,RIAL,❌
Neuron_167,3,-61.20963,20.321321,RIAR,❌
Neuron_168,7,-68.837616,8.940923,RIBL,❌
Neuron_169,7,-68.78369,8.9785385,RIBR,❌
Neuron_170,3,-48.875896,18.670696,RICL,❌
Neuron_171,7,-68.803474,8.1924715,RICR,❌
Neuron_172,0,1.6842422,-9.788014,RID,❌
Neuron_173,3,-49.367516,20.12888,RIFL,❌
Neuron_174,6,-20.908112,0.8532487,RIFR,❌
Neuron_175,0,17.795616,9.417753,RIGL,❌
Neuron_176,0,31.909391,-9.008142,RIGR,❌
Neuron_177,0,24.288704,3.4705331,RIH,❌
Neuron_178,0,37.471855,20.00662,RIML,❌
Neuron_179,0,22.503885,3.552491,RIMR,❌
Neuron_180,0,20.175117,-9.625774,RIPL,❌
Neuron_181,0,22.510876,-7.4836946,RIPR,❌
Neuron_182,0,38.996037,20.338816,RIR,❌
Neuron_183,0,31.76252,14.352165,RIS,❌
Neuron_184,0,19.156313,-8.733844,RIVL,❌
Neuron_185,0,21.241539,2.558714,RIVR,❌
Neuron_186,0,23.079422,-9.574842,RMDDL,❌
Neuron_187,0,10.990641,-19.043911,RMDDR,❌
Neuron_188,6,-12.816604,-18.883904,RMDL,❌
Neuron_189,0,31.76683,12.254823,RMDR,❌
Neuron_190,0,55.848137,21.014536,RMDVL,❌
Neuron_191,0,31.489658,13.434188,RMDVR,❌
Neuron_192,0,26.731188,1.1567186,RMEL,❌
Neuron_193,0,-4.198795,-23.774145,RMER,❌
Neuron_194,0,7.930402,-20.357622,RMFL,❌
Neuron_195,0,-8.593025,-19.390255,RMFR,❌
Neuron_196,0,15.999066,8.160775,RMGL,❌
Neuron_197,0,39.99765,18.758242,RMGR,❌
Neuron_198,0,31.210588,15.419616,SAADL,❌
Neuron_199,0,37.56605,19.771954,SAADR,❌
Neuron_200,0,40.760876,17.939188,SAAVL,❌
Neuron_201,0,51.552647,16.857796,SAAVR,❌
Neuron_202,0,14.642289,-12.97747,SABD,❌
Neuron_203,0,23.420633,-2.659479,SABVL,❌
Neuron_204,0,25.242893,2.8421698,SABVR,❌
Neuron_205,0,21.517895,-2.647034,SDQL,❌
Neuron_206,0,40.78612,18.335419,SDQR,❌
Neuron_207,0,31.917225,15.48409,SIADL,❌
Neuron_208,0,36.86441,18.741247,SIADR,❌
Neuron_209,0,24.417381,0.55918884,SIAVL,❌
Neuron_210,0,24.19091,-2.866071,SIAVR,❌
Neuron_211,0,21.806894,-17.638672,SMBDL,❌
Neuron_212,0,25.53341,0.4832899,SMBDR,❌
Neuron_213,0,22.233143,-8.292883,SMBVL,❌
Neuron_214,0,-10.330517,-19.232115,SMBVR,❌
Neuron_215,0,14.561343,-12.304421,SMDDL,❌
Neuron_216,0,14.02089,8.332222,SMDDR,❌
Neuron_217,0,38.357185,20.018837,SMDVL,❌
Neuron_218,0,39.55745,20.556286,SMDVR,❌
Neuron_219,0,44.47956,15.799627,URADL,❌
Neuron_220,0,23.300741,3.5223134,URADR,❌
Neuron_221,0,27.300407,-10.075636,URAVL,❌
Neuron_222,0,36.671165,20.177916,URAVR,❌
Neuron_223,6,-24.503313,-7.5080967,URYDL,❌
Neuron_224,0,36.32222,16.954294,URYDR,❌
Neuron_225,6,-23.975597,-8.031125,URYVL,❌
Neuron_226,0,8.106582,-21.36403,URYVR,❌
Neuron_227,0,-2.0784652,-22.839275,VA01,❌
Neuron_228,6,-18.046965,-16.223412,VA02,❌
Neuron_229,0,-3.832319,-20.47795,VA03,❌
Neuron_230,0,1.2943037,-22.310839,VA04,❌
Neuron_231,0,-5.285969,-20.423796,VA05,❌
Neuron_232,0,-4.6691704,-20.677847,VA06,❌
Neuron_233,0,-3.038836,11.724975,VA07,❌
Neuron_234,0,30.097075,16.826931,VA08,❌
Neuron_235,0,7.243998,-23.316633,VA09,❌
Neuron_236,0,30.585629,15.563399,VA10,❌
Neuron_237,0,38.98762,19.942913,VA11,❌
Neuron_238,6,-13.329898,-20.844536,VA12,❌
Neuron_239,6,-12.309793,-22.079319,VB01,❌
Neuron_240,0,31.417355,14.55652,VB02,❌
Neuron_241,0,11.9865885,-20.112415,VB03,❌
Neuron_242,0,7.387154,-22.262154,VB04,❌
Neuron_243,0,1.6876804,-22.586805,VB05,❌
Neuron_244,0,-7.746672,-18.586298,VB06,❌
Neuron_245,6,-28.299374,-1.356879,VB07,❌
Neuron_246,0,31.42736,18.613602,VB08,❌
Neuron_247,0,56.199333,20.162186,VB09,❌
Neuron_248,0,28.165028,2.9267192,VB10,❌
Neuron_249,0,22.736238,3.7097166,VB11,❌
Neuron_250,0,32.13284,18.39516,VB12,❌
Neuron_251,0,39.5773,19.0354,VC01,❌
Neuron_252,0,13.343347,-10.193403,VC02,❌
Neuron_253,0,9.949156,-16.262882,VC03,❌
Neuron_254,0,-2.397047,11.455537,VC04,❌
Neuron_255,0,-3.1575215,9.397434,VC05,❌
Neuron_256,0,8.2083235,-20.099318,VC06,❌
Neuron_257,0,33.532085,15.13834,VD01,❌
Neuron_258,0,28.394638,1.484889,VD02,❌
Neuron_259,6,-18.900944,-11.529658,VD03,❌
Neuron_260,0,32.874065,16.622944,VD04,❌
Neuron_261,0,-5.622538,10.71541,VD05,❌
Neuron_262,0,31.57508,12.508296,VD06,❌
Neuron_263,6,-11.459636,-20.03379,VD07,❌
Neuron_264,0,31.22022,15.433688,VD08,❌
Neuron_265,0,18.178238,6.0891767,VD09,❌
Neuron_266,0,22.460625,-10.863055,VD10,❌
Neuron_267,0,0.74944526,-19.431477,VD11,❌
Neuron_268,0,40.81636,21.887745,VD12,❌
Neuron_269,0,50.082523,19.33143,VD13,❌
Neuron_270,0,50.583046,20.36825,Unlabeled,❌
Neuron_271,0,35.13598,16.064413,Unlabeled,❌
Neuron_272,0,35.66553,17.411413,Unlabeled,❌
Neuron_273,0,24.628445,4.311012,Unlabeled,❌
Neuron_274,0,33.930805,15.653533,Unlabeled,❌
Neuron_275,0,13.188874,-7.5986657,Unlabeled,❌
Neuron_276,0,9.640067,-19.803394,Unlabeled,❌
Neuron_277,0,32.4669,18.713055,Unlabeled,❌
Neuron_278,0,21.438475,-9.553474,Unlabeled,❌
Neuron_279,0,33.33176,20.337303,Unlabeled,❌
Neuron_280,0,40.60327,17.63794,Unlabeled,❌
Neuron_281,0,38.81901,-4.6485615,Unlabeled,❌
Neuron_282,0,33.545956,20.60805,Unlabeled,❌
Neuron_283,0,34.933586,11.489362,Unlabeled,❌
Neuron_284,0,17.587923,6.3078575,Unlabeled,❌
Neuron_285,0,3.0299048,11.322024,Unlabeled,❌
Neuron_286,0,17.544008,5.6243334,Unlabeled,❌
Neuron_287,0,33.57981,19.765465,Unlabeled,❌
Neuron_288,0,29.55497,3.264553,Unlabeled,❌
Neuron_289,0,23.465208,-3.2462282,Unlabeled,❌
Neuron_290,0,20.057972,-1.4081993,Unlabeled,❌
Neuron_291,0,6.7924747,-21.706709,Unlabeled,❌
Neuron_292,0,48.448303,-3.4119406,Unlabeled,❌
Neuron_293,6,-45.48264,13.932613,Unlabeled,❌
Neuron_294,6,-12.076383,-20.438908,Unlabeled,❌
Neuron_295,0,0.36697716,-18.144327,Unlabeled,❌
Neuron_296,6,-27.444372,-5.7744026,Unlabeled,❌
Neuron_297,0,-7.9056225,-20.4603,Unlabeled,❌
Neuron_298,0,15.981968,-13.246085,Unlabeled,❌
Neuron_299,6,-42.55814,11.83966,Unlabeled,❌
Neuron_300,6,-45.13264,15.177976,Unlabeled,❌
Neuron_301,6,-12.29499,-22.299988,Unlabeled,❌
Neuron_302,6,-24.667965,-8.796623,Unlabeled,❌
Neuron_303,6,-32.96735,2.6492774,Unlabeled,❌
Neuron_304,6,-38.026924,8.784409,Unlabeled,❌
Neuron_305,6,-28.743103,-1.7501601,Unlabeled,❌
Neuron_306,6,-29.190907,-1.1082312,Unlabeled,❌
Neuron_307,0,21.422047,-17.962639,Unlabeled,❌
Neuron_308,6,-37.395588,6.1878304,Unlabeled,❌
Neuron_309,0,13.980897,-12.249042,Unlabeled,❌
Neuron_310,6,-12.470483,-20.90097,Unlabeled,❌
Neuron_311,6,-14.891075,-20.42028,Unlabeled,❌
Neuron_312,6,-40.17636,9.128037,Unlabeled,❌
Neuron_313,6,-42.154354,11.418759,Unlabeled,❌
Neuron_314,6,-42.72154,12.294674,Unlabeled,❌
Neuron_315,6,-40.694168,9.859989,Unlabeled,❌
Neuron_316,0,17.725813,10.671714,Unlabeled,❌
Neuron_317,0,10.976832,-20.390808,Unlabeled,❌
Neuron_318,0,22.107124,-5.2023,Unlabeled,❌
Neuron_319,0,26.77867,3.1167684,Unlabeled,❌
Neuron_320,0,13.986771,-20.461073,Unlabeled,❌
Neuron_321,0,-5.5805306,-20.872797,Unlabeled,❌
Neuron_322,0,7.0009894,-23.00235,Unlabeled,❌
Neuron_323,0,30.442738,6.677719,Unlabeled,❌
Neuron_324,0,-3.161519,-22.648108,Unlabeled,❌
Neuron_325,6,-21.629135,-9.066713,Unlabeled,❌
Neuron_326,0,45.446045,18.783886,Unlabeled,❌
Neuron_327,0,-6.071966,-18.478827,Unlabeled,❌
Neuron_328,0,46.084908,18.881088,Unlabeled,❌
Neuron_329,0,4.503398,7.263132,Unlabeled,❌
Neuron_330,0,1.8454657,-23.191404,Unlabeled,❌
Neuron_331,0,2.2239404,-21.579739,Unlabeled,❌
Neuron_332,6,-26.424341,-5.7616515,Unlabeled,❌
Neuron_333,6,-29.61826,-0.5133344,Unlabeled,❌
Neuron_334,6,-40.605263,8.908137,Unlabeled,❌
Neuron_335,6,-12.13107,5.0960855,Unlabeled,❌
Neuron_336,0,28.58395,4.6311893,Unlabeled,❌
Neuron_337,6,-20.924522,-11.702496,Unlabeled,❌
Neuron_338,6,-40.722275,9.429601,Unlabeled,❌
Neuron_339,0,32.090397,4.407266,Unlabeled,❌
Neuron_340,0,3.1578977,7.9795003,Unlabeled,❌
Neuron_341,0,-11.727664,-22.78012,Unlabeled,❌
Neuron_342,0,17.016323,-10.455291,Unlabeled,❌
Neuron_343,6,-36.919323,5.988786,Unlabeled,❌
Neuron_344,6,-14.063091,4.997279,Unlabeled,❌
Neuron_345,6,-43.11567,12.146481,Unlabeled,❌
Neuron_346,6,-12.740972,-20.2926,Unlabeled,❌
Neuron_347,0,7.791157,-23.073202,Unlabeled,❌
Neuron_348,6,-12.113501,-19.090044,Unlabeled,❌
Neuron_349,6,-39.78171,11.531226,Unlabeled,❌
Neuron_350,6,-25.428114,-5.6066556,Unlabeled,❌
Neuron_351,0,18.422657,-10.566259,Unlabeled,❌
Neuron_352,0,17.989607,11.1704,Unlabeled,❌
Neuron_353,0,24.362703,-8.437541,Unlabeled,❌
Neuron_354,6,-29.553156,9.57877,Unlabeled,❌
Neuron_355,0,-7.6560993,-23.18726,Unlabeled,❌
Neuron_356,3,-50.290253,18.316597,Unlabeled,❌
Neuron_357,0,20.981236,-9.474465,Unlabeled,❌
Neuron_358,0,27.359877,-8.364865,Unlabeled,❌
Neuron_359,6,-8.58958,9.769984,Unlabeled,❌
Neuron_360,0,8.493443,-22.732504,Unlabeled,❌
Neuron_361,0,1.2955643,-19.296366,Unlabeled,❌
Neuron_362,0,35.377377,20.839064,Unlabeled,❌
Neuron_363,0,-12.218072,-22.859232,Unlabeled,❌
Neuron_364,6,-18.688316,5.241002,Unlabeled,❌
Neuron_365,0,5.78904,-17.558529,Unlabeled,❌
Neuron_366,6,-19.058561,-9.393394,Unlabeled,❌
Neuron_367,6,-13.861097,6.562609,Unlabeled,❌
Neuron_368,0,3.349871,7.3894596,Unlabeled,❌
Neuron_369,0,2.7154996,-17.597475,Unlabeled,❌
Neuron_370,0,15.804498,10.654404,Unlabeled,❌
Neuron_371,6,-41.55818,12.116256,Unlabeled,❌
Neuron_372,6,-31.183754,1.6992375,Unlabeled,❌
Neuron_373,0,-8.759233,-17.591513,Unlabeled,❌
Neuron_374,6,-20.77103,-11.506118,Unlabeled,❌
Neuron_375,0,1.3251344,7.0444536,Unlabeled,❌
Neuron_376,0,16.464401,-15.447173,Unlabeled,❌
Neuron_377,0,-7.259012,-20.440033,Unlabeled,❌
Neuron_378,0,4.6147785,7.4376616,Unlabeled,❌
Neuron_379,0,5.58307,-23.071056,Unlabeled,❌
Neuron_380,0,25.556211,1.979408,Unlabeled,❌
Neuron_381,0,-5.2503195,5.3144355,Unlabeled,❌
Neuron_382,0,9.643547,-17.945162,Unlabeled,❌
Neuron_383,0,1.825124,7.670925,Unlabeled,❌
Neuron_384,6,-10.768557,-14.3624115,Unlabeled,❌
Neuron_385,0,0.09976883,-14.918448,Unlabeled,❌
Neuron_386,6,-18.026697,-9.028217,Unlabeled,❌
Neuron_387,0,17.285988,9.45184,Unlabeled,❌
Neuron_388,0,27.539045,0.6857872,Unlabeled,❌
Neuron_389,6,-14.070067,-20.304035,Unlabeled,❌
Neuron_390,0,34.36159,10.061379,Unlabeled,❌
Neuron_391,0,11.456788,-18.412773,Unlabeled,❌
Neuron_392,0,-1.7569906,6.8986454,Unlabeled,❌
Neuron_393,0,12.323874,-20.721199,Unlabeled,❌
Neuron_394,6,-34.822624,4.8301167,Unlabeled,❌
Neuron_395,0,36.098637,11.122081,Unlabeled,❌
Neuron_396,0,1.0460714,-22.452234,Unlabeled,❌
Neuron_397,0,-1.2043946,9.389445,Unlabeled,❌
Neuron_398,0,-2.983351,-24.493828,Unlabeled,❌
Neuron_399,6,-20.19252,4.4003234,Unlabeled,❌
Neuron_400,0,26.993933,-6.1523924,Unlabeled,❌
Neuron_401,6,-26.178669,-4.9367394,Unlabeled,❌
Neuron_402,0,-6.7790318,-22.562593,Unlabeled,❌
Neuron_403,0,27.495045,-1.3799078,Unlabeled,❌
Neuron_404,6,-16.768654,-14.461155,Unlabeled,❌
Neuron_405,0,-8.187248,-20.842941,Unlabeled,❌
Neuron_406,0,-0.8891994,-16.117964,Unlabeled,❌
Neuron_407,0,-3.2343183,11.227149,Unlabeled,❌
Neuron_408,0,15.235563,-19.200108,Unlabeled,❌
Neuron_409,0,23.987036,-3.3522878,Unlabeled,❌
Neuron_410,0,13.325714,-16.111694,Unlabeled,❌
Neuron_411,0,0.07788767,6.3514843,Unlabeled,❌
Neuron_412,6,-27.717726,9.248593,Unlabeled,❌
Neuron_413,0,35.443092,13.910596,Unlabeled,❌
Neuron_414,0,-3.5527503,4.568943,Unlabeled,❌
Neuron_415,0,26.502897,-6.600422,Unlabeled,❌
Neuron_416,6,-7.320376,4.761233,Unlabeled,❌
Neuron_417,0,2.81728,-19.409565,Unlabeled,❌
Neuron_418,6,-27.314049,8.574473,Unlabeled,❌
Neuron_419,0,-9.664046,-19.613415,Unlabeled,❌
Neuron_420,0,-5.6659236,-19.577597,Unlabeled,❌
Neuron_421,0,-8.462611,-18.439695,Unlabeled,❌
Neuron_422,6,-25.877033,8.338963,Unlabeled,❌
Neuron_423,0,43.894016,16.336304,Unlabeled,❌
Neuron_424,0,-10.435954,-17.902252,Unlabeled,❌
Neuron_425,0,3.5280027,6.8044252,Unlabeled,❌
Neuron_426,6,-6.280076,8.8526325,Unlabeled,❌
Neuron_427,0,30.034693,5.526398,Unlabeled,❌
Neuron_428,6,-32.46556,2.2295518,Unlabeled,❌
Neuron_429,6,-13.304618,6.4490647,Unlabeled,❌
Neuron_430,0,0.54120684,7.77089,Unlabeled,❌
Neuron_431,6,-11.003345,-17.170746,Unlabeled,❌
Neuron_432,6,-7.887028,9.041966,Unlabeled,❌
Neuron_433,0,38.51938,9.390964,Unlabeled,❌
Neuron_434,0,14.687393,-17.109688,Unlabeled,❌
Neuron_435,0,29.148952,2.588355,Unlabeled,❌
Neuron_436,0,2.9351745,-11.074784,Unlabeled,❌
Neuron_437,0,41.44078,-6.627413,Unlabeled,❌
Neuron_438,0,23.419786,-2.3885636,Unlabeled,❌
Neuron_439,6,-39.59081,15.722624,Unlabeled,❌
Neuron_440,0,0.059326746,-18.966208,Unlabeled,❌
Neuron_441,6,-18.052282,-5.4489927,Unlabeled,❌
Neuron_442,0,14.361355,-18.496914,Unlabeled,❌
Neuron_443,6,-37.24725,17.4887,Unlabeled,❌
Neuron_444,0,12.4481535,-18.290007,Unlabeled,❌
Neuron_445,0,17.028713,9.530504,Unlabeled,❌
Neuron_446,0,34.323837,7.69114,Unlabeled,❌
Neuron_447,6,-13.498764,5.8338623,Unlabeled,❌
Neuron_448,0,23.221197,-7.5128617,Unlabeled,❌
Neuron_449,0,2.5790343,9.304157,Unlabeled,❌
Neuron_450,0,-1.0117606,11.341387,Unlabeled,❌
Neuron_451,0,4.258356,6.884404,Unlabeled,❌
Neuron_452,6,-7.402018,9.468682,Unlabeled,❌
Neuron_453,6,-11.426228,5.4230475,Unlabeled,❌
Neuron_454,0,4.067837,7.680553,Unlabeled,❌
Neuron_455,6,-25.925629,8.627597,Unlabeled,❌
Neuron_456,6,-31.849249,14.16438,Unlabeled,❌
Neuron_457,0,-0.4135484,-19.940233,Unlabeled,❌
Neuron_458,0,17.373867,-15.44657,Unlabeled,❌
Neuron_459,0,28.90836,0.6108252,Unlabeled,❌
Neuron_460,0,35.736725,9.485012,Unlabeled,❌
Neuron_461,0,-4.628409,6.025219,Unlabeled,❌
Neuron_462,6,-24.175814,5.0490932,Unlabeled,❌
Neuron_463,0,18.398916,11.545971,Unlabeled,❌
Neuron_464,0,0.36237612,11.300212,Unlabeled,❌
Neuron_465,0,3.176363,-20.13744,Unlabeled,❌
Neuron_466,0,40.570683,22.061243,Unlabeled,❌
Neuron_467,0,14.396798,7.8072934,Unlabeled,❌
Neuron_468,0,42.453346,4.9125032,Unlabeled,❌
Neuron_469,0,1.271916,11.574569,Unlabeled,❌
Neuron_470,0,37.752106,6.127326,Unlabeled,❌
Neuron_471,0,32.79549,1.8217667,Unlabeled,❌
Neuron_472,6,-19.449152,4.874232,Unlabeled,❌
Neuron_473,6,-19.51843,-13.708945,Unlabeled,❌
Neuron_474,0,25.411558,-8.257658,Unlabeled,❌
Neuron_475,6,-26.528488,9.354972,Unlabeled,❌
Neuron_476,0,18.589888,-12.504962,Unlabeled,❌
Neuron_477,6,-35.34829,15.865815,Unlabeled,❌
Neuron_478,0,28.52894,-5.175109,Unlabeled,❌
Neuron_479,6,-31.17408,12.699429,Unlabeled,❌
Neuron_480,6,-11.82752,-18.99,Unlabeled,❌
Neuron_481,0,13.086632,-19.578608,Unlabeled,❌
Neuron_482,6,-35.399647,15.589614,Unlabeled,❌
Neuron_483,0,32.638752,1.7856631,Unlabeled,❌
Neuron_484,0,35.86978,20.66941,Unlabeled,❌
Neuron_485,0,32.818974,19.71827,Unlabeled,❌
Neuron_486,0,16.058056,9.862479,Unlabeled,❌
Neuron_487,0,31.474916,4.703916,Unlabeled,❌
Neuron_488,0,0.06391474,-20.973948,Unlabeled,❌
Neuron_489,0,-1.8866674,8.893348,Unlabeled,❌
Neuron_490,0,17.717922,5.8874035,Unlabeled,❌
Neuron_491,0,32.199398,19.27806,Unlabeled,❌
Neuron_492,0,-0.117522515,11.484378,Unlabeled,❌
Neuron_493,0,16.242273,-17.653488,Unlabeled,❌
Neuron_494,6,-25.205162,-6.6773105,Unlabeled,❌
Neuron_495,0,2.8615754,10.749675,Unlabeled,❌
Neuron_496,0,-0.41901672,7.3531456,Unlabeled,❌
Neuron_497,6,-15.194171,6.004698,Unlabeled,❌
Neuron_498,0,34.336277,20.690422,Unlabeled,❌
Neuron_499,0,30.66051,13.104429,Unlabeled,❌
Neuron_500,0,32.80326,20.050327,Unlabeled,❌
Neuron_501,0,36.408333,19.971176,Unlabeled,❌
Neuron_502,0,30.640018,17.949774,Unlabeled,❌
Neuron_503,6,-7.7724023,9.277604,Unlabeled,❌
Neuron_504,0,5.185888,7.795686,Unlabeled,❌
Neuron_505,0,4.1615477,8.019757,Unlabeled,❌
Neuron_506,0,45.057972,17.674206,Unlabeled,❌
Neuron_507,6,-14.145779,6.7775483,Unlabeled,❌
Neuron_508,0,-5.082838,12.136207,Unlabeled,❌
Neuron_509,0,0.06685981,8.005582,Unlabeled,❌
Neuron_510,6,-13.142017,7.061987,Unlabeled,❌
Neuron_511,6,-18.834906,3.4738867,Unlabeled,❌
Neuron_512,0,-2.0269349,11.595436,Unlabeled,❌
Neuron_513,6,-6.2569513,4.5024247,Unlabeled,❌
Neuron_514,6,-41.829502,9.8669,Unlabeled,❌
Neuron_515,6,-14.327352,6.923443,Unlabeled,❌
Neuron_516,6,-23.733776,4.9429646,Unlabeled,❌
Neuron_517,6,-35.545982,11.145275,Unlabeled,❌
Neuron_518,0,16.215733,8.9227915,Unlabeled,❌
Neuron_519,6,-5.3786893,6.115581,Unlabeled,❌
Neuron_520,6,-21.267693,5.9599214,Unlabeled,❌
Neuron_521,6,-5.8322554,3.0806773,Unlabeled,❌
Neuron_522,0,48.513863,-3.3595614,Unlabeled,❌
Neuron_523,0,1.9118334,9.634816,Unlabeled,❌
Neuron_524,0,16.316708,11.064479,Unlabeled,❌
Neuron_525,0,-2.1465874,8.988735,Unlabeled,❌
Neuron_526,3,-52.878685,19.061893,Unlabeled,❌
Neuron_527,6,-29.936089,9.065057,Unlabeled,❌
Neuron_528,6,-9.935556,5.775149,Unlabeled,❌
Neuron_529,0,41.549706,-9.620935,Unlabeled,❌
Neuron_530,0,-1.4443897,-22.59323,Unlabeled,❌
Neuron_531,0,0.7879868,-15.473304,Unlabeled,❌
Neuron_532,0,0.48498136,-18.314434,Unlabeled,❌
Neuron_533,6,-14.915785,-5.140519,Unlabeled,❌
Neuron_534,0,29.092356,-8.734502,Unlabeled,❌
Neuron_535,0,17.975838,-14.922585,Unlabeled,❌
Neuron_536,6,-9.855579,7.934361,Unlabeled,❌
Neuron_537,0,-0.7940172,-13.897698,Unlabeled,❌
Neuron_538,6,-19.597576,-3.4449441,Unlabeled,❌
Neuron_539,6,-20.00028,4.6435413,Unlabeled,❌
Neuron_540,0,-0.5405907,-16.942104,Unlabeled,❌
Neuron_541,0,14.642266,-14.838057,Unlabeled,❌
Neuron_542,0,1.3949002,-18.672358,Unlabeled,❌
Neuron_543,6,-17.984324,4.5517864,Unlabeled,❌
Neuron_544,0,14.186445,-16.72417,Unlabeled,❌
Neuron_545,0,1.998951,-19.423288,Unlabeled,❌
Neuron_546,0,-4.214288,10.033725,Unlabeled,❌
Neuron_547,6,-23.641287,-7.8194947,Unlabeled,❌
Neuron_548,6,-27.042465,9.690649,Unlabeled,❌
Neuron_549,6,-26.91,9.632603,Unlabeled,❌
Neuron_550,0,14.940422,-17.169243,Unlabeled,❌
Neuron_551,6,-8.287512,5.450271,Unlabeled,❌
Neuron_552,0,-5.4486566,-17.467966,Unlabeled,❌
Neuron_553,0,1.312699,8.287993,Unlabeled,❌
Neuron_554,6,-9.990566,-15.260536,Unlabeled,❌
Neuron_555,0,-4.6422033,4.539566,Unlabeled,❌
Neuron_556,6,-9.688292,-16.29427,Unlabeled,❌
Neuron_557,0,13.040238,-17.384306,Unlabeled,❌
Neuron_558,0,34.289494,3.108629,Unlabeled,❌
Neuron_559,0,33.71377,5.165974,Unlabeled,❌
Neuron_560,0,6.5518394,-15.268367,Unlabeled,❌
Neuron_561,0,34.650887,5.9288907,Unlabeled,❌
Neuron_562,0,53.109745,-0.46796173,Unlabeled,❌
Neuron_563,6,-17.791,5.5562253,Unlabeled,❌
Neuron_564,0,18.369753,-14.485207,Unlabeled,❌
Neuron_565,0,18.1655,-13.605272,Unlabeled,❌
Neuron_566,0,15.442523,-13.3602705,Unlabeled,❌
Neuron_567,0,21.45674,-10.165839,Unlabeled,❌
Neuron_568,0,10.798661,-18.267588,Unlabeled,❌
Neuron_569,6,-12.48348,-18.003212,Unlabeled,❌
Neuron_570,0,26.578518,0.47248945,Unlabeled,❌
Neuron_571,0,0.07418409,10.107897,Unlabeled,❌
Neuron_572,0,41.722553,4.440337,Unlabeled,❌
Neuron_573,0,35.71639,11.059097,Unlabeled,❌
Neuron_574,0,41.723354,4.44037,Unlabeled,❌
Neuron_575,0,1.4028139,10.4064045,Unlabeled,❌
Neuron_576,0,45.60356,-0.73300976,Unlabeled,❌
Neuron_577,0,2.626171,-11.455251,Unlabeled,❌
Neuron_578,6,-30.748302,13.270442,Unlabeled,❌
Neuron_579,6,-28.099651,-2.8087728,Unlabeled,❌
Neuron_580,0,13.517045,-18.434122,Unlabeled,❌
Neuron_581,6,-11.808741,6.8715687,Unlabeled,❌
Neuron_582,0,2.1282716,-17.819752,Unlabeled,❌
Neuron_583,6,-11.912775,-17.80321,Unlabeled,❌
Neuron_584,6,-19.891245,-7.3583293,Unlabeled,❌
Neuron_585,6,-23.535154,-5.596322,Unlabeled,❌
Neuron_586,6,-16.619152,-13.690875,Unlabeled,❌
Neuron_587,6,-9.493522,6.063622,Unlabeled,❌
Neuron_588,6,-11.071753,6.9337573,Unlabeled,❌
Neuron_589,0,-2.088418,-16.412088,Unlabeled,❌
Neuron_590,0,3.904007,10.207798,Unlabeled,❌
Neuron_591,0,17.473656,8.9082985,Unlabeled,❌
Neuron_592,0,-3.2699192,10.018924,Unlabeled,❌
Neuron_593,0,41.60318,4.2832355,Unlabeled,❌
Neuron_594,0,2.9229693,-22.634188,Unlabeled,❌
Neuron_595,0,-2.745642,-23.088966,Unlabeled,❌
Neuron_596,0,-3.681523,10.506767,Unlabeled,❌
Neuron_597,0,1.9758114,11.11304,Unlabeled,❌
Neuron_598,0,-2.228393,10.456029,Unlabeled,❌
Neuron_599,0,31.015255,18.952526,Unlabeled,❌
Neuron_600,0,21.518824,-4.9217696,Unlabeled,❌
Neuron_601,0,-10.287906,-23.735144,Unlabeled,❌
Neuron_602,0,2.112437,-18.191355,Unlabeled,❌
Neuron_603,6,-22.68143,-9.243051,Unlabeled,❌
Neuron_604,6,-23.270082,-8.623312,Unlabeled,❌
Neuron_605,0,6.292194,-22.31733,Unlabeled,❌
Neuron_606,6,-8.2247505,8.821482,Unlabeled,❌
Neuron_607,6,-11.251551,-19.275116,Unlabeled,❌
Neuron_608,0,-0.23752455,-21.712685,Unlabeled,❌
Neuron_609,0,6.1282387,-15.774968,Unlabeled,❌
Neuron_610,6,-9.845672,6.3436036,Unlabeled,❌
Neuron_611,6,-20.798542,-9.748261,Unlabeled,❌
Neuron_612,0,14.32722,-16.263874,Unlabeled,❌
Neuron_613,6,-30.519186,2.262847,Unlabeled,❌
Neuron_614,6,-14.069017,-16.462416,Unlabeled,❌
Neuron_615,6,-24.466595,-6.7191176,Unlabeled,❌
Neuron_616,0,-8.171663,-21.61868,Unlabeled,❌
Neuron_617,6,-17.672985,-7.941435,Unlabeled,❌
Neuron_618,0,13.857241,-19.89504,Unlabeled,❌
Neuron_619,0,18.937065,-16.706596,Unlabeled,❌
Neuron_620,6,-19.159723,-11.381867,Unlabeled,❌
Neuron_621,0,-3.1555521,-15.136028,Unlabeled,❌
Neuron_622,6,-18.981213,-4.4764996,Unlabeled,❌
Neuron_623,0,-10.201439,-19.74062,Unlabeled,❌
Neuron_624,6,-17.745436,-8.305961,Unlabeled,❌
Neuron_625,6,-43.53107,15.74133,Unlabeled,❌
Neuron_626,6,-22.254568,0.5207642,Unlabeled,❌
Neuron_627,6,-21.209589,-1.9585868,Unlabeled,❌
Neuron_628,0,13.250114,-20.496075,Unlabeled,❌
Neuron_629,6,-21.089272,-2.3052914,Unlabeled,❌
Neuron_630,0,-0.9349235,-20.704956,Unlabeled,❌
Neuron_631,6,-34.47221,14.257161,Unlabeled,❌
Neuron_632,6,-25.277695,6.8200665,Unlabeled,❌
Neuron_633,6,-40.827625,16.06224,Unlabeled,❌
Neuron_634,6,-25.759775,-5.9052434,Unlabeled,❌
Neuron_635,0,-4.976854,8.577788,Unlabeled,❌
Neuron_636,6,-20.900856,4.9988894,Unlabeled,❌
Neuron_637,6,-34.312534,13.741129,Unlabeled,❌
Neuron_638,6,-33.999245,10.391323,Unlabeled,❌
Neuron_639,6,-13.0816765,5.090507,Unlabeled,❌
Neuron_640,6,-12.58189,7.0933123,Unlabeled,❌
Neuron_641,0,-4.0354753,6.7172484,Unlabeled,❌
Neuron_642,0,-2.386069,6.532166,Unlabeled,❌
Neuron_643,0,4.5529613,8.309814,Unlabeled,❌
Neuron_644,0,3.0147195,6.749466,Unlabeled,❌
Neuron_645,0,1.7275774,8.696193,Unlabeled,❌
Neuron_646,0,-4.6442504,6.690087,Unlabeled,❌
Neuron_647,0,45.4349,18.37654,Unlabeled,❌
Neuron_648,6,-13.078695,5.449107,Unlabeled,❌
Neuron_649,6,-26.504398,3.4935138,Unlabeled,❌
Neuron_650,0,18.428648,11.543171,Unlabeled,❌
Neuron_651,0,-4.790875,6.2852316,Unlabeled,❌
Neuron_652,6,-12.047871,5.5468435,Unlabeled,❌
Neuron_653,0,1.6186905,7.0155478,Unlabeled,❌
Neuron_654,0,47.856438,12.784915,Unlabeled,❌
Neuron_655,0,5.0608816,8.421607,Unlabeled,❌
Neuron_656,3,-50.06402,18.773573,Unlabeled,❌
Neuron_657,6,-31.470303,3.5025673,Unlabeled,❌
Neuron_658,6,-7.9085784,10.516061,Unlabeled,❌
Neuron_659,0,-0.75692075,6.818643,Unlabeled,❌
Neuron_660,0,-2.5802774,7.0725965,Unlabeled,❌
Neuron_661,6,-12.785676,7.578211,Unlabeled,❌
Neuron_662,6,-10.795501,-14.474207,Unlabeled,❌
Neuron_663,6,-31.492376,12.502263,Unlabeled,❌
Neuron_664,6,-26.92643,7.120533,Unlabeled,❌
Neuron_665,6,-5.698221,6.0194964,Unlabeled,❌
Neuron_666,0,56.950157,22.084839,Unlabeled,❌
Neuron_667,6,-45.091763,16.784424,Unlabeled,❌
Neuron_668,6,-26.830935,-8.025795,Unlabeled,❌
Neuron_669,0,18.055933,-8.845754,Unlabeled,❌
Neuron_670,6,-31.267548,1.2805461,Unlabeled,❌
Neuron_671,6,-32.607758,2.9709418,Unlabeled,❌
Neuron_672,6,-31.832294,2.6613631,Unlabeled,❌
Neuron_673,6,-32.049534,2.9048874,Unlabeled,❌
Neuron_674,6,-37.913483,7.7447996,Unlabeled,❌
Neuron_675,6,-38.292553,8.11419,Unlabeled,❌
Neuron_676,6,-34.196285,5.396242,Unlabeled,❌
Neuron_677,6,-15.834907,-10.653072,Unlabeled,❌
Neuron_678,6,-17.872002,2.939254,Unlabeled,❌
Neuron_679,6,-40.5792,8.602787,Unlabeled,❌
Neuron_680,6,-41.20542,10.038746,Unlabeled,❌
Neuron_681,6,-41.81146,11.115622,Unlabeled,❌
Neuron_682,6,-42.950737,12.930621,Unlabeled,❌
Neuron_683,6,-44.16742,14.358444,Unlabeled,❌
Neuron_684,6,-45.801003,15.71581,Unlabeled,❌
Neuron_685,6,-43.31064,15.253591,Unlabeled,❌
Neuron_686,6,-18.394917,-1.7454988,Unlabeled,❌
Neuron_687,0,-3.3204875,2.2339191,Unlabeled,❌
Neuron_688,6,-17.818056,-4.56014,Unlabeled,❌
Neuron_689,0,-1.9827931,-15.477094,Unlabeled,❌
Neuron_690,6,-27.465117,9.54534,Unlabeled,❌
Neuron_691,0,1.5767119,-23.30855,Unlabeled,❌
Neuron_692,6,-15.970267,-5.0798225,Unlabeled,❌
Neuron_693,6,-16.921993,-4.415266,Unlabeled,❌
Neuron_694,6,-13.364437,-17.003887,Unlabeled,❌
Neuron_695,6,-20.831713,-10.836271,Unlabeled,❌
Neuron_696,0,19.857407,-8.130657,Unlabeled,❌
Neuron_697,6,-6.3145165,3.7655237,Unlabeled,❌
Neuron_698,6,-26.1961,6.6455984,Unlabeled,❌
Neuron_699,0,4.879653,-13.967086,Unlabeled,❌
Neuron_700,0,7.1751523,-19.353544,Unlabeled,❌
Neuron_701,6,-17.349506,0.8838234,Unlabeled,❌
Neuron_702,0,3.128151,8.756431,Unlabeled,❌
Neuron_703,6,-15.418076,7.587576,Unlabeled,❌
Neuron_704,0,5.37297,-14.536934,Unlabeled,❌
Neuron_705,6,-18.168753,1.5039109,Unlabeled,❌
Neuron_706,6,-8.912467,1.0928253,Unlabeled,❌
Neuron_707,6,-5.554641,4.4882855,Unlabeled,❌
Neuron_708,6,-22.748716,4.368637,Unlabeled,❌
Neuron_709,6,-26.096525,3.6246948,Unlabeled,❌
Neuron_710,6,-23.153177,-10.764426,Unlabeled,❌
Neuron_711,6,-23.108234,-2.8436854,Unlabeled,❌
Neuron_712,6,-24.883638,2.9685564,Unlabeled,❌
Neuron_713,6,-18.33916,-4.0090146,Unlabeled,❌
Neuron_714,6,-15.460995,-11.28114,Unlabeled,❌
Neuron_715,6,-45.66499,20.645819,Unlabeled,❌
Neuron_716,6,-30.483994,3.831421,Unlabeled,❌
Neuron_717,3,-45.870544,20.588642,Unlabeled,❌
Neuron_718,6,-17.909945,-1.2961017,Unlabeled,❌
Neuron_719,0,5.7912173,-10.952797,Unlabeled,❌
Neuron_720,0,5.2028985,-11.16107,Unlabeled,❌
Neuron_721,0,5.202902,-11.16056,Unlabeled,❌
Neuron_722,0,35.682434,-1.4121016,Unlabeled,❌
Neuron_723,0,5.2028656,-11.161145,Unlabeled,❌
Neuron_724,0,5.202865,-11.161146,Unlabeled,❌
Neuron_725,0,35.682514,-1.4120907,Unlabeled,❌
Neuron_726,6,-20.304281,2.0109618,Unlabeled,❌
Neuron_727,0,30.107414,-9.931492,Unlabeled,❌
Neuron_728,0,36.038616,8.353983,Unlabeled,❌
Neuron_729,0,26.954964,-2.866007,Unlabeled,❌
Neuron_730,0,36.53686,8.022499,Unlabeled,❌
Neuron_731,0,28.300608,-7.925017,Unlabeled,❌
Neuron_732,0,15.648328,8.638683,Unlabeled,❌
Neuron_733,0,35.261612,13.21458,Unlabeled,❌
Neuron_734,0,43.43033,17.369902,Unlabeled,❌
Neuron_735,0,43.49316,17.39743,Unlabeled,❌
Neuron_736,0,34.994217,14.110899,Unlabeled,❌
Neuron_737,0,42.866947,17.48108,Unlabeled,❌
Neuron_738,0,43.430565,17.369947,Unlabeled,❌
Neuron_739,6,-26.93512,6.22216,Unlabeled,❌
Neuron_740,6,-6.350262,5.2308726,Unlabeled,❌
Neuron_741,6,-22.850037,-2.4361167,Unlabeled,❌
Neuron_742,6,-23.571085,1.7536148,Unlabeled,❌
Neuron_743,6,-22.63744,1.6905437,Unlabeled,❌
Neuron_744,6,-30.45789,3.43557,Unlabeled,❌
Neuron_745,6,-22.567087,-1.4296049,Unlabeled,❌
Neuron_746,6,-26.877659,6.5514927,Unlabeled,❌
Neuron_747,6,-16.138224,6.7394204,Unlabeled,❌
Neuron_748,6,-6.1066847,6.219057,Unlabeled,❌
Neuron_749,6,-14.351494,-12.351805,Unlabeled,❌
Neuron_750,6,-23.34999,-10.8294325,Unlabeled,❌
Neuron_751,6,-14.612459,-12.178699,Unlabeled,❌
Neuron_752,6,-24.833815,3.1539156,Unlabeled,❌
Neuron_753,6,-19.87944,-8.604905,Unlabeled,❌
Neuron_754,3,-59.94966,17.057365,Unlabeled,❌
Neuron_755,7,-70.52302,8.681681,Unlabeled,❌
Neuron_756,6,-14.533265,7.875481,Unlabeled,❌
Neuron_757,0,-4.1570272,11.301832,Unlabeled,❌
Neuron_758,0,17.675602,10.3054085,Unlabeled,❌
Neuron_759,0,6.9411626,-19.508896,Unlabeled,❌
Neuron_760,0,-3.3524783,-24.788937,Unlabeled,❌
Neuron_761,6,-15.088259,-11.652037,Unlabeled,❌
Neuron_762,6,-24.247208,-4.3424773,Unlabeled,❌
Neuron_763,6,-31.148674,9.113591,Unlabeled,❌
Neuron_764,0,16.166533,9.462025,Unlabeled,❌
Neuron_765,6,-39.272686,16.380077,Unlabeled,❌
Neuron_766,6,-34.454876,14.170629,Unlabeled,❌
Neuron_767,3,-48.07908,17.928354,Unlabeled,❌
Neuron_768,6,-38.84562,15.152885,Unlabeled,❌
Neuron_769,6,-32.90498,15.39391,Unlabeled,❌
Neuron_770,6,-44.844254,17.26053,Unlabeled,❌
Neuron_771,6,-36.58708,14.584492,Unlabeled,❌
Neuron_772,6,-38.564857,17.022995,Unlabeled,❌
Neuron_773,6,-26.142303,13.554087,Unlabeled,❌
Neuron_774,6,-12.594447,-3.0356982,Unlabeled,❌
Neuron_775,6,-27.855673,12.989329,Unlabeled,❌
Neuron_776,6,-12.921996,-2.908112,Unlabeled,❌
Neuron_777,6,-32.656082,16.0522,Unlabeled,❌
Neuron_778,0,-3.202752,-15.888406,Unlabeled,❌
Neuron_779,6,-14.100575,-2.3901954,Unlabeled,❌
Neuron_780,6,-12.588949,-3.126751,Unlabeled,❌
Neuron_781,6,-11.470937,-3.4699628,Unlabeled,❌
Neuron_782,6,-30.55365,14.321986,Unlabeled,❌
Neuron_783,6,-12.838706,-3.9338725,Unlabeled,❌
Neuron_784,0,2.5713446,-12.147457,Unlabeled,❌
Neuron_785,0,2.102179,-13.565666,Unlabeled,❌
Neuron_786,6,-32.47751,14.173183,Unlabeled,❌
Neuron_787,6,-43.54928,14.424187,Unlabeled,❌
Neuron_788,0,17.187489,-16.984459,Unlabeled,❌
Neuron_789,0,21.385683,-15.840295,Unlabeled,❌
Neuron_790,0,21.189516,-16.99393,Unlabeled,❌
Neuron_791,0,0.1207627,11.473983,Unlabeled,❌
Neuron_792,0,27.981014,-5.1756587,Unlabeled,❌
Neuron_793,0,14.410972,-21.291397,Unlabeled,❌
Neuron_794,0,21.937687,-16.761183,Unlabeled,❌
Neuron_795,0,-4.6933274,2.6393597,Unlabeled,❌
Neuron_796,6,-31.599432,13.697508,Unlabeled,❌
Neuron_797,6,-33.178764,14.022417,Unlabeled,❌
Neuron_798,6,-33.253754,14.887161,Unlabeled,❌
Neuron_799,6,-27.800776,12.284434,Unlabeled,❌
Neuron_800,6,-31.139433,9.609581,Unlabeled,❌
Neuron_801,6,-32.23777,14.924854,Unlabeled,❌
Neuron_802,6,-27.287514,13.513676,Unlabeled,❌
Neuron_803,6,-27.522026,13.018514,Unlabeled,❌
Neuron_804,0,-4.2839274,9.771055,Unlabeled,❌
Neuron_805,6,-35.403263,14.270494,Unlabeled,❌
Neuron_806,6,-42.07623,16.30752,Unlabeled,❌
Neuron_807,6,-26.700993,11.724689,Unlabeled,❌
Neuron_808,6,-39.0751,15.1008215,Unlabeled,❌
Neuron_809,6,-27.855429,14.04545,Unlabeled,❌
Neuron_810,6,-10.327379,9.502638,Unlabeled,❌
Neuron_811,6,-40.28744,16.147928,Unlabeled,❌
Neuron_812,0,11.1550045,-10.163677,Unlabeled,❌
Neuron_813,6,-40.59471,18.217196,Unlabeled,❌
Neuron_814,6,-31.588806,16.735647,Unlabeled,❌
Neuron_815,6,-32.465286,17.036867,Unlabeled,❌
Neuron_816,6,-34.62031,16.203476,Unlabeled,❌
Neuron_817,6,-8.586674,8.342042,Unlabeled,❌
Neuron_818,6,-35.35075,15.289369,Unlabeled,❌
Neuron_819,0,16.665323,8.300999,Unlabeled,❌
Neuron_820,0,20.481592,-16.1366,Unlabeled,❌
Neuron_821,0,20.795073,-15.895641,Unlabeled,❌
Neuron_822,0,20.713951,-15.972263,Unlabeled,❌
Neuron_823,0,20.714138,-15.971962,Unlabeled,❌
Neuron_824,0,20.80873,-15.879219,Unlabeled,❌
Neuron_825,0,-3.5634775,9.67266,Unlabeled,❌
Neuron_826,0,28.540768,-5.0710583,Unlabeled,❌
Neuron_827,6,-18.660166,2.7609217,Unlabeled,❌
Neuron_828,6,-40.583096,16.53798,Unlabeled,❌
Neuron_829,6,-9.893576,9.256073,Unlabeled,❌
Neuron_830,6,-27.70062,10.806036,Unlabeled,❌
Neuron_831,0,13.268984,-9.332162,Unlabeled,❌
Neuron_832,6,-34.033745,15.876633,Unlabeled,❌
Neuron_833,3,-54.916836,18.175707,Unlabeled,❌
Neuron_834,0,1.7416236,-9.299892,Unlabeled,❌
Neuron_835,3,-56.136196,20.255363,Unlabeled,❌
Neuron_836,6,-47.751003,20.534689,Unlabeled,❌
Neuron_837,0,2.4824142,-9.52592,Unlabeled,❌
Neuron_838,0,20.589174,-5.399147,Unlabeled,❌
Neuron_839,3,-51.718742,19.328905,Unlabeled,❌
Neuron_840,0,47.78503,-9.513642,Unlabeled,❌
Neuron_841,3,-56.367218,20.806852,Unlabeled,❌
Neuron_842,3,-56.49178,19.36899,Unlabeled,❌
Neuron_843,6,-14.548133,-1.0293612,Unlabeled,❌
Neuron_844,3,-61.28659,18.808826,Unlabeled,❌
Neuron_845,3,-63.506596,15.387287,Unlabeled,❌
Neuron_846,6,-16.661922,-3.3937037,Unlabeled,❌
Neuron_847,6,-9.295604,5.1915135,Unlabeled,❌
Neuron_848,3,-50.22099,19.402636,Unlabeled,❌
Neuron_849,3,-59.336475,21.368912,Unlabeled,❌
Neuron_850,3,-56.39126,21.019098,Unlabeled,❌
Neuron_851,0,51.73672,-3.9098854,Unlabeled,❌
Neuron_852,0,45.611595,-11.604038,Unlabeled,❌
Neuron_853,0,0.20466405,-9.624931,Unlabeled,❌
Neuron_854,6,-14.888008,-0.60801685,Unlabeled,❌
Neuron_855,6,-20.585403,-4.5028734,Unlabeled,❌
Neuron_856,6,-16.449594,-3.5208647,Unlabeled,❌
Neuron_857,3,-60.597347,19.638199,Unlabeled,❌
Neuron_858,3,-62.62736,16.727661,Unlabeled,❌
Neuron_859,6,-37.86345,17.294073,Unlabeled,❌
Neuron_860,6,-22.917734,1.4222174,Unlabeled,❌
Neuron_861,0,43.960804,-7.309572,Unlabeled,❌
Neuron_862,6,-31.911676,16.477345,Unlabeled,❌
Neuron_863,7,-70.023895,9.342291,Unlabeled,❌
Neuron_864,7,-70.130295,9.165514,Unlabeled,❌
Neuron_865,7,-69.42565,9.325225,Unlabeled,❌
Neuron_866,7,-69.56911,9.300042,Unlabeled,❌
Neuron_867,3,-52.59529,20.12141,Unlabeled,❌
Neuron_868,3,-53.644722,19.236273,Unlabeled,❌
Neuron_869,0,52.239227,-3.4595017,Unlabeled,❌
Neuron_870,7,-70.88877,6.4790297,Unlabeled,❌
Neuron_871,0,50.917187,-4.554276,Unlabeled,❌
Neuron_872,0,50.29355,-7.3208237,Unlabeled,❌
Neuron_873,7,-68.92273,7.9656334,Unlabeled,❌
Neuron_874,0,49.38273,-7.630888,Unlabeled,❌
Neuron_875,7,-67.7812,12.171303,Unlabeled,❌
Neuron_876,7,-68.45728,11.356605,Unlabeled,❌
Neuron_877,0,51.184532,-5.22346,Unlabeled,❌
Neuron_878,0,49.181316,-6.5453033,Unlabeled,❌
Neuron_879,0,47.903683,-8.930633,Unlabeled,❌
Neuron_880,0,47.57918,-8.965372,Unlabeled,❌
Neuron_881,3,-54.49103,19.637901,Unlabeled,❌
Neuron_882,6,-27.01416,12.545835,Unlabeled,❌
Neuron_883,0,51.43012,-4.5050845,Unlabeled,❌
Neuron_884,0,0.8945086,-8.756617,Unlabeled,❌
Neuron_885,6,-11.435182,-3.3617291,Unlabeled,❌
Neuron_886,0,-0.45277154,-8.071673,Unlabeled,❌
Neuron_887,3,-58.3291,20.823313,Unlabeled,❌
Neuron_888,0,0.7606218,-9.053296,Unlabeled,❌
Neuron_889,6,-14.100939,-1.1570462,Unlabeled,❌
Neuron_890,6,-12.169974,-2.940971,Unlabeled,❌
Neuron_891,3,-60.808655,19.595882,Unlabeled,❌
Neuron_892,6,-32.74092,17.868414,Unlabeled,❌
Neuron_893,6,-14.59117,-0.10544658,Unlabeled,❌
Neuron_894,6,-14.124856,-0.85642475,Unlabeled,❌
Neuron_895,6,-29.143377,14.565703,Unlabeled,❌
Neuron_896,6,-27.080664,12.961756,Unlabeled,❌
Neuron_897,3,-54.56194,20.406126,Unlabeled,❌
Neuron_898,6,-26.829351,12.314825,Unlabeled,❌
Neuron_899,6,-37.45995,16.967182,Unlabeled,❌
Neuron_900,6,-32.974876,16.65976,Unlabeled,❌
Neuron_901,6,-33.116455,15.542864,Unlabeled,❌
Neuron_902,3,-58.77271,19.743084,Unlabeled,❌
Neuron_903,6,-29.739874,14.668842,Unlabeled,❌
Neuron_904,6,-39.527496,17.982735,Unlabeled,❌
Neuron_905,6,-41.10921,18.511816,Unlabeled,❌
Neuron_906,6,-41.255306,18.503733,Unlabeled,❌
Neuron_907,6,-41.01459,18.559217,Unlabeled,❌
Neuron_908,0,48.74785,-6.948055,Unlabeled,❌
Neuron_909,0,45.545464,-12.035056,Unlabeled,❌
Neuron_910,0,2.683934,-8.834929,Unlabeled,❌
Neuron_911,0,0.21885765,-8.794484,Unlabeled,❌
Neuron_912,0,0.122966066,-8.598756,Unlabeled,❌
Neuron_913,3,-47.651802,16.246145,Unlabeled,❌
Neuron_914,6,-26.609655,13.214769,Unlabeled,❌
Neuron_915,6,-31.663479,15.827156,Unlabeled,❌
Neuron_916,6,-41.68634,18.081907,Unlabeled,❌
Neuron_917,0,21.465446,-8.530108,Unlabeled,❌
Neuron_918,0,29.633986,4.1433415,Unlabeled,❌
Neuron_919,0,37.420803,11.396572,Unlabeled,❌
Neuron_920,0,-3.98745,-23.712328,Unlabeled,❌
Neuron_921,0,26.831938,-5.8115025,Unlabeled,❌
Neuron_922,0,20.426434,-14.692938,Unlabeled,❌
Neuron_923,0,44.09175,18.675423,Unlabeled,❌
Neuron_924,0,36.555767,19.036137,Unlabeled,❌
Neuron_925,0,20.412733,-11.518579,Unlabeled,❌
Neuron_926,0,22.19779,-7.9586887,Unlabeled,❌
Neuron_927,0,30.513609,12.672976,Unlabeled,❌
Neuron_928,0,41.368393,19.951443,Unlabeled,❌
Neuron_929,0,27.464912,-9.337696,Unlabeled,❌
Neuron_930,0,2.618369,-22.222218,Unlabeled,❌
Neuron_931,0,26.819437,-4.7862425,Unlabeled,❌
Neuron_932,0,16.193396,-19.727274,Unlabeled,❌
Neuron_933,0,11.023098,-21.064075,Unlabeled,❌
Neuron_934,0,20.934671,-3.8397315,Unlabeled,❌
Neuron_935,0,-4.717279,-23.3882,Unlabeled,❌
Neuron_936,0,-8.856185,-20.483103,Unlabeled,❌
Neuron_937,0,15.207889,-22.982279,Unlabeled,❌
Neuron_938,0,4.351863,-13.648066,Unlabeled,❌
Neuron_939,0,24.14894,4.5375643,Unlabeled,❌
Neuron_940,0,44.638325,15.958889,Unlabeled,❌
Neuron_941,0,36.218594,10.31203,Unlabeled,❌
Neuron_942,0,37.169037,11.95756,Unlabeled,❌
Neuron_943,0,32.08449,-9.046672,Unlabeled,❌
Neuron_944,0,29.611609,-10.618685,Unlabeled,❌
Neuron_945,6,-27.670893,15.057591,Unlabeled,❌
Neuron_946,0,32.004734,12.030064,Unlabeled,❌
Neuron_947,0,13.595401,-7.75004,Unlabeled,❌
Neuron_948,0,13.368206,-10.367926,Unlabeled,❌
Neuron_949,0,27.778105,-10.175274,Unlabeled,❌
Neuron_950,0,34.53595,8.498719,Unlabeled,❌
Neuron_951,0,26.028896,1.8552674,Unlabeled,❌
Neuron_952,0,30.80383,3.8049488,Unlabeled,❌
Neuron_953,0,11.753063,-16.80564,Unlabeled,❌
Neuron_954,0,19.530888,-8.636763,Unlabeled,❌
Neuron_955,0,37.894463,11.096183,Unlabeled,❌
Neuron_956,0,13.890368,-21.276505,Unlabeled,❌
Neuron_957,0,-6.629558,-23.76199,Unlabeled,❌
Neuron_958,0,19.15711,-10.679945,Unlabeled,❌
Neuron_959,0,17.438272,-14.018998,Unlabeled,❌
Neuron_960,0,15.127082,-23.09918,Unlabeled,❌
Neuron_961,6,-41.196445,10.355456,Unlabeled,❌
Neuron_962,0,40.728104,21.869572,Unlabeled,❌
Neuron_963,0,15.3504505,-5.5543733,Unlabeled,❌
Neuron_964,0,45.863853,19.369146,Unlabeled,❌
Neuron_965,0,14.158238,-7.0885324,Unlabeled,❌
Neuron_966,0,48.109856,19.384514,Unlabeled,❌
Neuron_967,0,30.909817,14.297455,Unlabeled,❌
Neuron_968,0,44.688007,15.799998,Unlabeled,❌
Neuron_969,0,15.399148,-6.2111077,Unlabeled,❌
Neuron_970,0,14.169947,-15.090935,Unlabeled,❌
Neuron_971,0,25.548664,-7.7837095,Unlabeled,❌
Neuron_972,0,22.521236,-10.144089,Unlabeled,❌
Neuron_973,0,33.57677,4.291039,Unlabeled,❌
Neuron_974,0,22.49703,-8.713682,Unlabeled,❌
Neuron_975,0,5.458493,-16.266264,Unlabeled,❌
Neuron_976,0,35.61761,9.972582,Unlabeled,❌
Neuron_977,0,24.217976,-13.033256,Unlabeled,❌
Neuron_978,0,9.667462,-15.90771,Unlabeled,❌
Neuron_979,6,-35.174854,4.4195533,Unlabeled,❌
Neuron_980,6,-19.284342,-8.336513,Unlabeled,❌
Neuron_981,6,-44.991306,13.781621,Unlabeled,❌
Neuron_982,6,-33.50304,3.6134531,Unlabeled,❌
Neuron_983,0,2.7945368,-20.13217,Unlabeled,❌
Neuron_984,0,18.059904,-5.9490547,Unlabeled,❌
Neuron_985,6,-36.482895,4.855161,Unlabeled,❌
Neuron_986,0,6.786421,-24.90921,Unlabeled,❌
Neuron_987,0,40.64583,13.991375,Unlabeled,❌
Neuron_988,6,-43.792103,12.656942,Unlabeled,❌
Neuron_989,6,-14.88329,-15.466284,Unlabeled,❌
Neuron_990,0,20.281595,-18.580793,Unlabeled,❌
Neuron_991,0,16.739166,-5.344377,Unlabeled,❌
Neuron_992,6,-35.407436,11.068726,Unlabeled,❌
Neuron_993,3,-46.476883,21.183964,Unlabeled,❌
Neuron_994,6,-45.267223,13.386708,Unlabeled,❌
Neuron_995,0,21.268412,-17.271431,Unlabeled,❌
Neuron_996,0,36.1466,2.3595705,Unlabeled,❌
Neuron_997,6,-22.810745,-8.056371,Unlabeled,❌
Neuron_998,0,38.711056,9.057788,Unlabeled,❌
Neuron_999,6,-26.101383,-6.429257,Unlabeled,❌
Neuron_1000,0,3.2767081,-22.749552,Unlabeled,❌
Neuron_1001,0,42.821804,5.224059,Unlabeled,❌
Neuron_1002,0,5.8917613,-22.601933,Unlabeled,❌
Neuron_1003,0,10.567036,-19.083515,Unlabeled,❌
Neuron_1004,0,12.678851,-19.540113,Unlabeled,❌
Neuron_1005,7,-69.42763,12.825842,Unlabeled,❌
Neuron_1006,6,-12.982585,-19.74389,Unlabeled,❌
Neuron_1007,0,21.72372,-4.971483,Unlabeled,❌
Neuron_1008,6,-44.663418,14.000575,Unlabeled,❌
Neuron_1009,0,-2.8973606,-17.744635,Unlabeled,❌
Neuron_1010,6,-40.929256,8.957411,Unlabeled,❌
Neuron_1011,0,7.905348,-23.518032,Unlabeled,❌
Neuron_1012,6,-40.01215,8.39769,Unlabeled,❌
Neuron_1013,0,20.75742,-3.256654,Unlabeled,❌
Neuron_1014,0,0.50622594,-21.877066,Unlabeled,❌
Neuron_1015,6,-42.846848,10.817713,Unlabeled,❌
Neuron_1016,0,27.135593,-0.23171213,Unlabeled,❌
Neuron_1017,6,-23.165289,1.7206253,Unlabeled,❌
Neuron_1018,0,-10.886589,-22.894379,Unlabeled,❌
Neuron_1019,0,29.85192,4.181857,Unlabeled,❌
Neuron_1020,0,28.701336,2.247086,Unlabeled,❌
Neuron_1021,0,2.7616675,-18.025265,Unlabeled,❌
Neuron_1022,6,-13.202685,-18.06383,Unlabeled,❌
Neuron_1023,0,-5.1008,-17.700245,Unlabeled,❌
Neuron_1024,0,42.43252,18.142849,Unlabeled,❌
Neuron_1025,0,27.543001,-0.7589696,Unlabeled,❌
Neuron_1026,0,37.205296,-4.5616717,Unlabeled,❌
Neuron_1027,0,34.756138,10.712117,Unlabeled,❌
Neuron_1028,0,31.384697,3.0879865,Unlabeled,❌
Neuron_1029,0,14.8178005,-12.580547,Unlabeled,❌
Neuron_1030,0,36.050144,-4.5811768,Unlabeled,❌
Neuron_1031,6,-36.581757,16.727028,Unlabeled,❌
Neuron_1032,0,35.616673,5.279941,Unlabeled,❌
Neuron_1033,0,35.676266,6.294899,Unlabeled,❌
Neuron_1034,0,16.778898,-17.242096,Unlabeled,❌
Neuron_1035,0,24.146074,-12.501638,Unlabeled,❌
Neuron_1036,3,-47.068935,17.304808,Unlabeled,❌
Neuron_1037,0,-1.6024997,-14.419254,Unlabeled,❌
Neuron_1038,0,30.872244,1.9832788,Unlabeled,❌
Neuron_1039,0,30.357126,1.0503262,Unlabeled,❌
Neuron_1040,0,18.289902,-11.025961,Unlabeled,❌
Neuron_1041,0,16.647598,-16.834589,Unlabeled,❌
Neuron_1042,0,4.191366,-17.587776,Unlabeled,❌
Neuron_1043,6,-29.819399,-2.5295477,Unlabeled,❌
Neuron_1044,0,34.342945,12.153534,Unlabeled,❌
Neuron_1045,0,28.431707,-9.15774,Unlabeled,❌
Neuron_1046,0,12.9558525,-16.817877,Unlabeled,❌
Neuron_1047,0,28.369831,-8.872117,Unlabeled,❌
Neuron_1048,0,-5.266465,-18.063974,Unlabeled,❌
Neuron_1049,0,35.111378,12.172022,Unlabeled,❌
Neuron_1050,0,29.663498,1.5789136,Unlabeled,❌
Neuron_1051,0,33.969067,4.786365,Unlabeled,❌
Neuron_1052,6,-26.38146,-6.371011,Unlabeled,❌
Neuron_1053,6,-30.171173,1.1712497,Unlabeled,❌
Neuron_1054,0,7.9011035,-23.170822,Unlabeled,❌
Neuron_1055,0,-6.973613,-21.965204,Unlabeled,❌
Neuron_1056,6,-16.232664,-14.883579,Unlabeled,❌
Neuron_1057,0,-6.3110504,-20.46595,Unlabeled,❌
Neuron_1058,6,-31.900883,1.528716,Unlabeled,❌
Neuron_1059,6,-33.22159,3.078967,Unlabeled,❌
Neuron_1060,0,-1.6022419,-20.445559,Unlabeled,❌
Neuron_1061,0,26.349285,-3.5905292,Unlabeled,❌
Neuron_1062,0,-8.198256,-17.482512,Unlabeled,❌
Neuron_1063,0,34.65728,3.389635,Unlabeled,❌
Neuron_1064,6,-45.327415,15.501122,Unlabeled,❌
Neuron_1065,0,-11.664889,-23.468887,Unlabeled,❌
Neuron_1066,6,-26.719934,-0.98583615,Unlabeled,❌
Neuron_1067,0,35.2535,9.033791,Unlabeled,❌
Neuron_1068,0,38.22363,10.917969,Unlabeled,❌
Neuron_1069,0,34.305363,5.462494,Unlabeled,❌
Neuron_1070,0,-5.056816,-17.588861,Unlabeled,❌
Neuron_1071,0,34.37778,6.1301303,Unlabeled,❌
Neuron_1072,6,-27.38478,-8.351854,Unlabeled,❌
Neuron_1073,0,40.53263,13.511422,Unlabeled,❌
Neuron_1074,0,40.589478,13.397282,Unlabeled,❌
Neuron_1075,0,26.375536,-7.951532,Unlabeled,❌
Neuron_1076,0,29.461931,-3.2320826,Unlabeled,❌
Neuron_1077,0,37.05108,10.042419,Unlabeled,❌
Neuron_1078,0,27.512407,-7.1088595,Unlabeled,❌
Neuron_1079,0,31.482885,3.1171124,Unlabeled,❌
Neuron_1080,0,20.643986,-11.100171,Unlabeled,❌
Neuron_1081,0,19.289778,-15.177241,Unlabeled,❌
Neuron_1082,0,18.061352,-16.197538,Unlabeled,❌
Neuron_1083,0,29.717604,4.6445227,Unlabeled,❌
Neuron_1084,0,28.09188,-0.40413433,Unlabeled,❌
Neuron_1085,0,41.972122,18.487165,Unlabeled,❌
Neuron_1086,0,35.559933,15.318051,Unlabeled,❌
Neuron_1087,0,31.316387,-6.259277,Unlabeled,❌
Neuron_1088,0,15.585881,-17.24983,Unlabeled,❌
Neuron_1089,0,11.414064,-18.048162,Unlabeled,❌
Neuron_1090,0,22.952835,-13.796233,Unlabeled,❌
Neuron_1091,0,29.51086,-7.948915,Unlabeled,❌
Neuron_1092,0,34.79977,11.210925,Unlabeled,❌
Neuron_1093,0,33.525986,6.044382,Unlabeled,❌
Neuron_1094,0,28.846582,-9.338055,Unlabeled,❌
Neuron_1095,0,37.2089,5.709751,Unlabeled,❌
Neuron_1096,6,-25.216616,-4.4768033,Unlabeled,❌
Neuron_1097,0,25.042347,-8.18768,Unlabeled,❌
Neuron_1098,6,-22.40945,-6.7156463,Unlabeled,❌
Neuron_1099,6,-22.60139,-10.477305,Unlabeled,❌
Neuron_1100,6,-11.222598,-16.827543,Unlabeled,❌
Neuron_1101,0,34.50102,14.0767565,Unlabeled,❌
Neuron_1102,0,36.72224,5.3597555,Unlabeled,❌
Neuron_1103,0,20.682486,-5.655603,Unlabeled,❌
Neuron_1104,6,-23.887993,-6.0637517,Unlabeled,❌
Neuron_1105,0,-4.592399,-19.36457,Unlabeled,❌
Neuron_1106,6,-33.419624,12.933321,Unlabeled,❌
Neuron_1107,6,-12.781996,-22.444803,Unlabeled,❌
Neuron_1108,0,11.264959,-22.339668,Unlabeled,❌
Neuron_1109,0,-7.6571465,-19.017883,Unlabeled,❌
Neuron_1110,6,-33.916477,10.292117,Unlabeled,❌
Neuron_1111,6,-18.699697,-10.186238,Unlabeled,❌
Neuron_1112,6,-42.365364,9.109849,Unlabeled,❌
Neuron_1113,0,15.879227,-17.991264,Unlabeled,❌
Neuron_1114,6,-17.977713,-11.862301,Unlabeled,❌
Neuron_1115,0,23.92121,-13.340593,Unlabeled,❌
Neuron_1116,6,-14.827022,-15.555417,Unlabeled,❌
Neuron_1117,0,47.0416,15.781428,Unlabeled,❌
Neuron_1118,0,34.875034,-1.5030298,Unlabeled,❌
Neuron_1119,0,4.3818583,-13.158881,Unlabeled,❌
Neuron_1120,0,-7.61634,-23.532553,Unlabeled,❌
Neuron_1121,0,28.605972,-8.480321,Unlabeled,❌
Neuron_1122,0,27.485222,0.015910508,Unlabeled,❌
Neuron_1123,0,34.673702,6.778809,Unlabeled,❌
Neuron_1124,6,-44.981247,15.8407955,Unlabeled,❌
Neuron_1125,0,28.016918,0.96173877,Unlabeled,❌
Neuron_1126,6,-19.724663,-11.370597,Unlabeled,❌
Neuron_1127,0,34.944366,9.775412,Unlabeled,❌
Neuron_1128,0,30.261608,1.9105064,Unlabeled,❌
Neuron_1129,0,36.990707,8.8977995,Unlabeled,❌
Neuron_1130,0,28.986189,-0.49254757,Unlabeled,❌
Neuron_1131,0,26.938093,-2.393234,Unlabeled,❌
Neuron_1132,0,15.8791685,-16.129572,Unlabeled,❌
Neuron_1133,6,-17.83886,-7.7821083,Unlabeled,❌
Neuron_1134,0,-3.5132957,-18.318632,Unlabeled,❌
Neuron_1135,0,55.257496,13.674561,Unlabeled,❌
Neuron_1136,0,39.29143,11.078217,Unlabeled,❌
Neuron_1137,0,51.70271,17.283377,Unlabeled,❌
Neuron_1138,0,38.713352,10.867265,Unlabeled,❌
Neuron_1139,0,19.835173,-12.085594,Unlabeled,❌
Neuron_1140,6,-12.16595,-18.437014,Unlabeled,❌
Neuron_1141,0,42.486164,16.043503,Unlabeled,❌
Neuron_1142,0,26.71043,-7.468019,Unlabeled,❌
Neuron_1143,0,34.62427,5.1429877,Unlabeled,❌
Neuron_1144,0,27.10122,1.696688,Unlabeled,❌
Neuron_1145,0,-7.3270884,-21.202133,Unlabeled,❌
Neuron_1146,0,-1.7221736,-18.642372,Unlabeled,❌
Neuron_1147,6,-18.907742,-12.736534,Unlabeled,❌
Neuron_1148,6,-18.647564,-13.079564,Unlabeled,❌
Neuron_1149,6,-28.880894,-2.0691645,Unlabeled,❌
Neuron_1150,6,-18.33758,-13.950971,Unlabeled,❌
Neuron_1151,6,-26.257938,-7.365519,Unlabeled,❌
Neuron_1152,6,-29.779976,-1.645631,Unlabeled,❌
Neuron_1153,6,-27.584642,-3.4336915,Unlabeled,❌
Neuron_1154,6,-18.329666,-13.927976,Unlabeled,❌
Neuron_1155,6,-28.956955,-2.8882072,Unlabeled,❌
Neuron_1156,6,-25.174873,-7.3931994,Unlabeled,❌
Neuron_1157,6,-18.082558,-14.285654,Unlabeled,❌
Neuron_1158,6,-18.081667,-14.287903,Unlabeled,❌
Neuron_1159,6,-43.959244,19.229525,Unlabeled,❌
Neuron_1160,6,-43.94819,19.220312,Unlabeled,❌
Neuron_1161,6,-28.080593,-2.6316845,Unlabeled,❌
Neuron_1162,6,-26.131266,-5.231157,Unlabeled,❌
Neuron_1163,6,-18.228397,-7.094722,Unlabeled,❌
Neuron_1164,6,-28.061363,-2.3443103,Unlabeled,❌
Neuron_1165,0,-9.364321,-15.996254,Unlabeled,❌
Neuron_1166,6,-17.775545,-6.088078,Unlabeled,❌
Neuron_1167,6,-17.679688,-5.3909802,Unlabeled,❌
Neuron_1168,6,-18.478176,-6.6708126,Unlabeled,❌
Neuron_1169,6,-17.818687,-6.697511,Unlabeled,❌
Neuron_1170,6,-9.61523,-14.971849,Unlabeled,❌
Neuron_1171,0,-3.2144473,-15.381205,Unlabeled,❌
Neuron_1172,6,-19.666035,-2.9434025,Unlabeled,❌
Neuron_1173,0,15.347587,-20.67796,Unlabeled,❌
Neuron_1174,6,-33.053093,13.587537,Unlabeled,❌
Neuron_1175,6,-34.487312,3.874699,Unlabeled,❌
Neuron_1176,3,-49.5586,16.163641,Unlabeled,❌
Neuron_1177,7,-71.30352,6.755084,Unlabeled,❌
Neuron_1178,6,-36.10847,11.466224,Unlabeled,❌
Neuron_1179,0,-3.5106142,-15.621022,Unlabeled,❌
Neuron_1180,6,-36.158012,6.6105847,Unlabeled,❌
Neuron_1181,6,-41.695824,8.131873,Unlabeled,❌
Neuron_1182,6,-41.453255,15.241604,Unlabeled,❌
Neuron_1183,6,-35.458305,3.0969987,Unlabeled,❌
Neuron_1184,6,-16.969522,-5.338529,Unlabeled,❌
Neuron_1185,6,-13.788609,-0.9507242,Unlabeled,❌
Neuron_1186,3,-63.724537,16.762846,Unlabeled,❌
Neuron_1187,6,-19.434563,-6.5701394,Unlabeled,❌
Neuron_1188,6,-13.3852625,-1.8504599,Unlabeled,❌
Neuron_1189,6,-41.75203,9.341001,Unlabeled,❌
Neuron_1190,0,15.592405,-20.021719,Unlabeled,❌
Neuron_1191,3,-63.7781,16.590395,Unlabeled,❌
Neuron_1192,3,-58.111492,17.92557,Unlabeled,❌
Neuron_1193,6,-14.868994,-5.7242117,Unlabeled,❌
Neuron_1194,6,-27.424948,14.274455,Unlabeled,❌
Neuron_1195,1,-47.85813,-27.964334,Unlabeled,❌
Neuron_1196,1,-47.85813,-27.964334,Unlabeled,❌
Neuron_1197,1,-41.725384,-26.846573,Unlabeled,❌
Neuron_1198,1,-48.14047,-29.188898,Unlabeled,❌
Neuron_1199,1,-47.85813,-27.964334,Unlabeled,❌
Neuron_1200,1,-41.724964,-26.8453,Unlabeled,❌
Neuron_1201,1,-47.558666,-28.94397,Unlabeled,❌
Neuron_1202,1,-48.1765,-28.779686,Unlabeled,❌
Neuron_1203,1,-46.064934,-29.557785,Unlabeled,❌
Neuron_1204,1,-44.704475,-32.02715,Unlabeled,❌
Neuron_1205,1,-43.636948,-33.170444,Unlabeled,❌
Neuron_1206,1,-44.944206,-28.434292,Unlabeled,❌
Neuron_1207,1,-50.125965,-32.07559,Unlabeled,❌
Neuron_1208,1,-42.501713,-33.139843,Unlabeled,❌
Neuron_1209,1,-51.186604,-32.655376,Unlabeled,❌
Neuron_1210,1,-44.478497,-24.733965,Unlabeled,❌
Neuron_1211,7,-71.16969,8.073235,Unlabeled,❌
Neuron_1212,1,-51.094196,-32.631573,Unlabeled,❌
Neuron_1213,1,-44.4785,-24.733963,Unlabeled,❌
Neuron_1214,1,-50.125965,-32.07559,Unlabeled,❌
Neuron_1215,1,-44.28033,-29.262384,Unlabeled,❌
Neuron_1216,1,-46.73434,-28.543201,Unlabeled,❌
Neuron_1217,1,-44.99506,-28.962975,Unlabeled,❌
Neuron_1218,1,-46.159843,-27.682123,Unlabeled,❌
Neuron_1219,1,-46.06916,-28.779398,Unlabeled,❌
Neuron_1220,1,-46.089947,-28.512312,Unlabeled,❌
Neuron_1221,1,-46.79883,-29.99326,Unlabeled,❌
Neuron_1222,1,-46.359833,-30.083761,Unlabeled,❌
Neuron_1223,1,-46.422195,-29.26703,Unlabeled,❌
Neuron_1224,1,-47.049812,-29.783941,Unlabeled,❌
Neuron_1225,1,-46.621956,-27.924881,Unlabeled,❌
Neuron_1226,1,-45.279972,-29.63507,Unlabeled,❌
Neuron_1227,1,-46.621956,-27.924881,Unlabeled,❌
Neuron_1228,1,-45.279972,-29.63507,Unlabeled,❌
Neuron_1229,1,-44.712547,-32.030678,Unlabeled,❌
Neuron_1230,1,-43.354073,-32.77899,Unlabeled,❌
Neuron_1231,1,-44.712547,-32.030678,Unlabeled,❌
Neuron_1232,1,-43.354073,-32.77899,Unlabeled,❌
Neuron_1233,1,-42.833996,-33.56081,Unlabeled,❌
Neuron_1234,1,-43.221516,-32.669617,Unlabeled,❌
Neuron_1235,1,-42.790146,-33.52056,Unlabeled,❌
Neuron_1236,1,-43.643948,-33.17258,Unlabeled,❌
Neuron_1237,1,-44.74158,-32.043015,Unlabeled,❌
Neuron_1238,1,-42.23122,-29.669401,Unlabeled,❌
Neuron_1239,1,-42.30702,-30.550055,Unlabeled,❌
Neuron_1240,1,-53.77405,-34.336853,Unlabeled,❌
Neuron_1241,1,-53.773994,-34.362762,Unlabeled,❌
Neuron_1242,3,-67.26329,14.335048,Unlabeled,❌
Neuron_1243,3,-67.14853,14.058555,Unlabeled,❌
Neuron_1244,3,-65.82076,14.436181,Unlabeled,❌
Neuron_1245,3,-66.12058,14.061792,Unlabeled,❌
Neuron_1246,3,-66.08075,13.754062,Unlabeled,❌
Neuron_1247,3,-61.945053,19.634048,Unlabeled,❌
Neuron_1248,3,-60.157543,20.860472,Unlabeled,❌
Neuron_1249,3,-66.57141,14.044297,Unlabeled,❌
Neuron_1250,3,-66.31833,13.606899,Unlabeled,❌
Neuron_1251,3,-59.04585,21.070002,Unlabeled,❌
Neuron_1252,3,-58.854717,20.300974,Unlabeled,❌
Neuron_1253,3,-66.88926,13.555694,Unlabeled,❌
Neuron_1254,7,-67.00362,13.097663,Unlabeled,❌
Neuron_1255,3,-58.722897,18.585125,Unlabeled,❌
Neuron_1256,3,-59.918377,17.045906,Unlabeled,❌
Neuron_1257,7,-67.44793,10.588685,Unlabeled,❌
Neuron_1258,6,-35.265625,1.9908819,Unlabeled,❌
Neuron_1259,3,-60.801357,16.803009,Unlabeled,❌
Neuron_1260,6,-36.616356,3.7537243,Unlabeled,❌
Neuron_1261,6,-36.62783,2.3118165,Unlabeled,❌
Neuron_1262,6,-36.66808,2.1156957,Unlabeled,❌
Neuron_1263,6,-37.063797,3.0364816,Unlabeled,❌
Neuron_1264,6,-36.902245,2.6675625,Unlabeled,❌
Neuron_1265,6,-36.975235,1.8742446,Unlabeled,❌
Neuron_1266,6,-8.415883,11.524263,Unlabeled,❌
Neuron_1267,6,-36.822834,2.2364345,Unlabeled,❌
Neuron_1268,6,-35.216312,1.4608082,Unlabeled,❌
Neuron_1269,1,-51.285397,-37.4374,Unlabeled,❌
Neuron_1270,1,-51.66792,-36.829132,Unlabeled,❌
Neuron_1271,3,-55.96184,22.310951,Unlabeled,❌
Neuron_1272,3,-54.84801,22.253878,Unlabeled,❌
Neuron_1273,1,-51.7039,-36.68415,Unlabeled,❌
Neuron_1274,1,-51.73425,-36.606865,Unlabeled,❌
Neuron_1275,3,-54.80297,22.303295,Unlabeled,❌
Neuron_1276,3,-55.13166,22.175732,Unlabeled,❌
Neuron_1277,1,-51.651417,-36.054504,Unlabeled,❌
Neuron_1278,1,-51.488792,-35.756897,Unlabeled,❌
Neuron_1279,3,-56.20397,22.120424,Unlabeled,❌
Neuron_1280,7,-69.91267,11.6950865,Unlabeled,❌
Neuron_1281,3,-66.0581,14.893246,Unlabeled,❌
Neuron_1282,0,33.758446,-4.6916695,Unlabeled,❌
Neuron_1283,0,34.292774,17.44537,Unlabeled,❌
Neuron_1284,0,10.722261,-5.6915197,Unlabeled,❌
Neuron_1285,0,10.068966,-6.173079,Unlabeled,❌
Neuron_1286,0,10.06545,-6.175886,Unlabeled,❌
Neuron_1287,0,10.32632,-5.967167,Unlabeled,❌
Neuron_1288,0,42.19603,-14.783472,Unlabeled,❌
Neuron_1289,0,42.196136,-14.775352,Unlabeled,❌
Neuron_1290,3,-49.277187,16.875261,Unlabeled,❌
Neuron_1291,3,-48.57436,16.66791,Unlabeled,❌
Neuron_1292,3,-48.827515,17.239899,Unlabeled,❌
Neuron_1293,7,-67.76954,11.642148,Unlabeled,❌
Neuron_1294,3,-47.23986,16.630898,Unlabeled,❌
Neuron_1295,3,-48.305786,16.67496,Unlabeled,❌
Neuron_1296,6,-40.100224,15.024597,Unlabeled,❌
Neuron_1297,7,-67.41318,11.89503,Unlabeled,❌
Neuron_1298,7,-71.09414,11.287222,Unlabeled,❌
Neuron_1299,1,-53.19209,-34.966583,Unlabeled,❌
Neuron_1300,1,-49.53073,-30.805292,Unlabeled,❌
Neuron_1301,7,-71.42689,12.245775,Unlabeled,❌
Neuron_1302,7,-70.74175,11.322249,Unlabeled,❌
Neuron_1303,1,-48.48657,-32.931602,Unlabeled,❌
Neuron_1304,3,-63.7898,16.452913,Unlabeled,❌
Neuron_1305,7,-71.37779,12.609339,Unlabeled,❌
Neuron_1306,1,-42.626354,-26.34027,Unlabeled,❌
Neuron_1307,1,-49.517693,-30.78029,Unlabeled,❌
Neuron_1308,1,-41.735214,-26.842436,Unlabeled,❌
Neuron_1309,1,-49.765957,-33.006035,Unlabeled,❌
Neuron_1310,1,-43.61138,-29.064592,Unlabeled,❌
Neuron_1311,1,-45.434696,-28.83483,Unlabeled,❌
Neuron_1312,1,-45.70786,-27.912838,Unlabeled,❌
Neuron_1313,1,-46.830685,-29.07516,Unlabeled,❌
Neuron_1314,1,-45.73478,-28.190567,Unlabeled,❌
Neuron_1315,1,-46.006042,-29.134312,Unlabeled,❌
Neuron_1316,1,-46.82538,-28.633999,Unlabeled,❌
Neuron_1317,1,-46.053455,-29.986563,Unlabeled,❌
Neuron_1318,1,-47.040943,-29.410864,Unlabeled,❌
Neuron_1319,1,-43.417118,-29.306532,Unlabeled,❌
Neuron_1320,1,-51.338017,-33.468983,Unlabeled,❌
Neuron_1321,1,-43.11737,-29.26959,Unlabeled,❌
Neuron_1322,1,-52.69853,-34.18332,Unlabeled,❌
Neuron_1323,3,-66.50293,15.321165,Unlabeled,❌
Neuron_1324,3,-60.523457,21.009048,Unlabeled,❌
Neuron_1325,3,-56.773777,23.394547,Unlabeled,❌
Neuron_1326,3,-57.97896,22.207445,Unlabeled,❌
Neuron_1327,3,-59.840508,21.195135,Unlabeled,❌
Neuron_1328,3,-58.51241,21.74008,Unlabeled,❌
Neuron_1329,3,-57.69529,21.917242,Unlabeled,❌
Neuron_1330,3,-57.257538,22.315584,Unlabeled,❌
Neuron_1331,3,-57.837933,21.972635,Unlabeled,❌
Neuron_1332,3,-57.446186,23.348513,Unlabeled,❌
Neuron_1333,3,-58.73254,23.521713,Unlabeled,❌
Neuron_1334,2,-45.849785,-36.930347,Unlabeled,❌
Neuron_1335,4,-45.825455,-36.822063,Unlabeled,❌
Neuron_1336,5,-46.792515,-39.334324,Unlabeled,❌
Neuron_1337,5,-46.786766,-39.33192,Unlabeled,❌
Neuron_1338,5,-46.78411,-39.899323,Unlabeled,❌
Neuron_1339,5,-46.78411,-39.899323,Unlabeled,❌
Neuron_1340,2,-45.850033,-36.930416,Unlabeled,❌
Neuron_1341,5,-46.6537,-39.875008,Unlabeled,❌
Neuron_1342,5,-47.64129,-39.767426,Unlabeled,❌
Neuron_1343,5,-46.61676,-39.56818,Unlabeled,❌
Neuron_1344,5,-46.162884,-39.44706,Unlabeled,❌
Neuron_1345,5,-47.61475,-39.76142,Unlabeled,❌
Neuron_1346,1,-41.82518,-26.819462,Unlabeled,❌
Neuron_1347,5,-47.193527,-39.55416,Unlabeled,❌
Neuron_1348,1,-42.428295,-29.5703,Unlabeled,❌
Neuron_1349,1,-48.833027,-28.33719,Unlabeled,❌
Neuron_1350,3,-50.910385,21.039373,Unlabeled,❌
Neuron_1351,1,-53.091732,-35.017086,Unlabeled,❌
Neuron_1352,1,-53.86371,-34.703125,Unlabeled,❌
Neuron_1353,0,57.69332,22.1045,Unlabeled,❌
Neuron_1354,1,-51.46763,-33.402275,Unlabeled,❌
Neuron_1355,3,-65.64302,15.105336,Unlabeled,❌
Neuron_1356,0,57.0322,21.547626,Unlabeled,❌
Neuron_1357,0,56.51312,21.258677,Unlabeled,❌
Neuron_1358,3,-66.94477,14.575037,Unlabeled,❌
Neuron_1359,3,-66.61372,14.536151,Unlabeled,❌
Neuron_1360,0,45.847992,12.114911,Unlabeled,❌
Neuron_1361,0,44.875034,10.377029,Unlabeled,❌
Neuron_1362,3,-67.129654,14.811213,Unlabeled,❌
Neuron_1363,3,-66.16228,15.387202,Unlabeled,❌
Neuron_1364,0,33.49442,-3.9101887,Unlabeled,❌
Neuron_1365,0,50.57773,20.307495,Unlabeled,❌
Neuron_1366,1,-51.033653,-33.447853,Unlabeled,❌
Neuron_1367,1,-49.668438,-32.9899,Unlabeled,❌
Neuron_1368,1,-53.649055,-34.751606,Unlabeled,❌
Neuron_1369,1,-42.31447,-29.629393,Unlabeled,❌
Neuron_1370,7,-70.65801,12.946107,Unlabeled,❌
Neuron_1371,7,-70.61051,11.668045,Unlabeled,❌
Neuron_1372,1,-50.00961,-32.970444,Unlabeled,❌
Neuron_1373,7,-70.43767,12.818613,Unlabeled,❌
Neuron_1374,7,-70.37478,12.102695,Unlabeled,❌
Neuron_1375,7,-71.11954,11.898922,Unlabeled,❌
Neuron_1376,7,-71.54451,12.023617,Unlabeled,❌
Neuron_1377,7,-70.37798,12.09132,Unlabeled,❌
Neuron_1378,7,-71.05896,12.950742,Unlabeled,❌
Neuron_1379,1,-50.01965,-32.803482,Unlabeled,❌
Neuron_1380,7,-70.78975,12.299158,Unlabeled,❌
Neuron_1381,7,-71.570786,11.367458,Unlabeled,❌
Neuron_1382,1,-53.764057,-34.252823,Unlabeled,❌
Neuron_1383,6,-8.522422,5.7894044,Unlabeled,❌
Neuron_1384,0,60.60772,20.595036,Unlabeled,❌
Neuron_1385,0,60.65547,20.349483,Unlabeled,❌
Neuron_1386,0,60.719574,20.906816,Unlabeled,❌
Neuron_1387,0,60.646854,20.741089,Unlabeled,❌
Neuron_1388,0,60.581944,20.251282,Unlabeled,❌
Neuron_1389,0,60.59985,19.97613,Unlabeled,❌
Neuron_1390,0,59.508823,17.75658,Unlabeled,❌
Neuron_1391,3,-45.410103,20.18633,Unlabeled,❌
Neuron_1392,0,28.528118,-5.170817,Unlabeled,❌
Neuron_1393,0,42.20391,20.767689,Unlabeled,❌
Neuron_1394,0,21.61209,-1.8816677,Unlabeled,❌
Neuron_1395,0,-8.499423,-24.116167,Unlabeled,❌
Neuron_1396,0,42.352383,17.422216,Unlabeled,❌
Neuron_1397,0,45.09671,10.492076,Unlabeled,❌
Neuron_1398,0,45.629696,11.033223,Unlabeled,❌
Neuron_1399,0,36.85266,17.19081,Unlabeled,❌
Neuron_1400,6,-37.533466,1.2937868,Unlabeled,❌
Neuron_1401,0,10.935944,-6.5947037,Unlabeled,❌
Neuron_1402,0,35.556858,16.461174,Unlabeled,❌
Neuron_1403,0,33.97813,17.853197,Unlabeled,❌
Neuron_1404,0,43.268852,19.09791,Unlabeled,❌
Neuron_1405,0,37.017876,18.001446,Unlabeled,❌
Neuron_1406,0,20.22835,-3.4232688,Unlabeled,❌
Neuron_1407,0,13.913465,-7.203768,Unlabeled,❌
Neuron_1408,0,7.445482,-24.82189,Unlabeled,❌
Neuron_1409,0,33.243626,18.720505,Unlabeled,❌
Neuron_1410,0,46.534264,19.592546,Unlabeled,❌
Neuron_1411,6,-36.04734,11.43892,Unlabeled,❌
Neuron_1412,6,-37.63054,9.790492,Unlabeled,❌
Neuron_1413,0,13.497661,-8.517327,Unlabeled,❌
Neuron_1414,0,-3.9179559,-22.362148,Unlabeled,❌
Neuron_1415,0,14.296492,-6.798883,Unlabeled,❌
Neuron_1416,0,24.97096,-1.9912095,Unlabeled,❌
Neuron_1417,0,15.783658,-5.634039,Unlabeled,❌
Neuron_1418,0,25.273298,-1.8883615,Unlabeled,❌
Neuron_1419,6,-8.678753,0.51637864,Unlabeled,❌
Neuron_1420,6,-29.11547,2.2225475,Unlabeled,❌
Neuron_1421,6,-22.585651,-1.9404423,Unlabeled,❌
Neuron_1422,0,7.940447,-15.64551,Unlabeled,❌
Neuron_1423,0,12.201047,-9.994276,Unlabeled,❌
Neuron_1424,6,-30.970163,4.277974,Unlabeled,❌
Neuron_1425,0,36.815815,-9.503732,Unlabeled,❌
Neuron_1426,0,42.195606,-14.750413,Unlabeled,❌
Neuron_1427,0,36.482525,-10.503527,Unlabeled,❌
Neuron_1428,0,56.36249,15.982818,Unlabeled,❌
Neuron_1429,0,40.138798,-4.0368037,Unlabeled,❌
Neuron_1430,0,49.425903,11.369607,Unlabeled,❌
Neuron_1431,0,54.994995,19.956978,Unlabeled,❌
Neuron_1432,0,46.966583,7.4095387,Unlabeled,❌
Neuron_1433,0,45.185116,-5.0352736,Unlabeled,❌
Neuron_1434,0,38.6678,-8.485919,Unlabeled,❌
Neuron_1435,0,44.96603,-2.473456,Unlabeled,❌
Neuron_1436,0,48.62692,8.486937,Unlabeled,❌
Neuron_1437,0,52.03679,13.658346,Unlabeled,❌
Neuron_1438,0,59.21548,13.977945,Unlabeled,❌
Neuron_1439,0,38.567383,-6.6922293,Unlabeled,❌
Neuron_1440,0,48.379303,5.4488177,Unlabeled,❌
Neuron_1441,0,37.645374,-5.634262,Unlabeled,❌
Neuron_1442,0,55.113987,16.94955,Unlabeled,❌
Neuron_1443,0,59.210777,13.351918,Unlabeled,❌
Neuron_1444,0,44.766617,-6.432573,Unlabeled,❌
Neuron_1445,0,50.376076,0.5519512,Unlabeled,❌
Neuron_1446,0,36.949265,-10.701888,Unlabeled,❌
Neuron_1447,0,37.511826,-13.117213,Unlabeled,❌
Neuron_1448,0,49.392704,14.827713,Unlabeled,❌
Neuron_1449,0,47.778206,-0.88012606,Unlabeled,❌
Neuron_1450,0,59.32367,15.258852,Unlabeled,❌
Neuron_1451,0,50.898716,0.43791747,Unlabeled,❌
Neuron_1452,0,56.478867,19.361753,Unlabeled,❌
Neuron_1453,0,40.45731,-2.318125,Unlabeled,❌
Neuron_1454,0,44.55674,-7.146094,Unlabeled,❌
Neuron_1455,0,51.183216,11.286603,Unlabeled,❌
Neuron_1456,0,56.30871,15.836407,Unlabeled,❌
Neuron_1457,0,36.11893,-12.549115,Unlabeled,❌
Neuron_1458,0,36.702396,-12.4001465,Unlabeled,❌
Neuron_1459,0,36.107548,-11.933849,Unlabeled,❌
Neuron_1460,0,47.934757,2.292099,Unlabeled,❌
Neuron_1461,0,51.56995,4.6417117,Unlabeled,❌
Neuron_1462,0,41.40976,-2.705043,Unlabeled,❌
Neuron_1463,0,37.124176,-10.662409,Unlabeled,❌
Neuron_1464,0,43.847412,-5.5515537,Unlabeled,❌
Neuron_1465,0,36.051895,-11.680015,Unlabeled,❌
Neuron_1466,0,34.98773,-13.988632,Unlabeled,❌
Neuron_1467,0,35.234238,-10.227332,Unlabeled,❌
Neuron_1468,0,47.560665,2.591825,Unlabeled,❌
Neuron_1469,0,47.56625,5.925759,Unlabeled,❌
Neuron_1470,0,35.37836,-9.772327,Unlabeled,❌
Neuron_1471,0,36.08903,-10.517778,Unlabeled,❌
Neuron_1472,0,49.47632,-0.06644798,Unlabeled,❌
Neuron_1473,0,35.300846,-10.880307,Unlabeled,❌
Neuron_1474,0,49.231327,12.223061,Unlabeled,❌
Neuron_1475,0,51.234627,13.865897,Unlabeled,❌
Neuron_1476,0,53.05016,15.623081,Unlabeled,❌
Neuron_1477,0,47.12141,6.5193915,Unlabeled,❌
Neuron_1478,0,50.323032,3.7498708,Unlabeled,❌
Neuron_1479,0,56.3153,18.07781,Unlabeled,❌
Neuron_1480,0,53.352604,9.35339,Unlabeled,❌
Neuron_1481,0,50.161026,2.721953,Unlabeled,❌
Neuron_1482,0,51.785862,12.7178955,Unlabeled,❌
Neuron_1483,0,55.10783,17.21617,Unlabeled,❌
Neuron_1484,0,56.443073,19.068148,Unlabeled,❌
Neuron_1485,0,57.502,18.9521,Unlabeled,❌
Neuron_1486,0,48.313526,9.6261,Unlabeled,❌
Neuron_1487,0,51.80184,14.424757,Unlabeled,❌
Neuron_1488,0,40.28494,-5.533168,Unlabeled,❌
Neuron_1489,0,47.191727,0.3336671,Unlabeled,❌
Neuron_1490,0,45.680492,-1.9796511,Unlabeled,❌
Neuron_1491,0,46.332466,-2.2061245,Unlabeled,❌
Neuron_1492,0,53.090225,3.3343365,Unlabeled,❌
Neuron_1493,0,57.381702,18.064104,Unlabeled,❌
Neuron_1494,0,54.508682,12.372785,Unlabeled,❌
Neuron_1495,0,51.5815,13.5752945,Unlabeled,❌
Neuron_1496,0,37.605618,-6.6846023,Unlabeled,❌
Neuron_1497,0,39.717937,-4.5905743,Unlabeled,❌
Neuron_1498,0,55.87877,17.722513,Unlabeled,❌
Neuron_1499,0,46.646194,6.146494,Unlabeled,❌
Neuron_1500,0,38.690437,-5.7356157,Unlabeled,❌
Neuron_1501,0,37.4934,-9.313148,Unlabeled,❌
Neuron_1502,0,35.69444,-13.152166,Unlabeled,❌
Neuron_1503,0,34.901283,-14.065682,Unlabeled,❌
Neuron_1504,0,50.747093,0.8481746,Unlabeled,❌
Neuron_1505,0,37.15494,-9.066967,Unlabeled,❌
Neuron_1506,0,49.627113,1.1150843,Unlabeled,❌
Neuron_1507,0,47.742466,8.060481,Unlabeled,❌
Neuron_1508,0,52.51539,15.136009,Unlabeled,❌
Neuron_1509,0,56.44797,13.945873,Unlabeled,❌
Neuron_1510,0,46.291718,5.153915,Unlabeled,❌
Neuron_1511,0,51.441772,14.357231,Unlabeled,❌
Neuron_1512,0,36.316395,-10.368193,Unlabeled,❌
Neuron_1513,0,44.84779,-9.398575,Unlabeled,❌
Neuron_1514,0,45.39558,-7.0657673,Unlabeled,❌
Neuron_1515,0,56.102646,10.193283,Unlabeled,❌
Neuron_1516,0,46.700813,-3.5908248,Unlabeled,❌
Neuron_1517,0,33.73385,-4.9036555,Unlabeled,❌
Neuron_1518,0,49.157,11.890094,Unlabeled,❌
Neuron_1519,0,36.75741,-12.73992,Unlabeled,❌
Neuron_1520,0,48.65874,1.9493419,Unlabeled,❌
Neuron_1521,0,40.459045,-3.5770416,Unlabeled,❌
Neuron_1522,0,37.25485,-7.850478,Unlabeled,❌
Neuron_1523,0,43.652523,-6.171725,Unlabeled,❌
Neuron_1524,0,49.83311,1.2406377,Unlabeled,❌
Neuron_1525,0,53.040844,1.8981334,Unlabeled,❌
Neuron_1526,0,38.190468,-11.217502,Unlabeled,❌
Neuron_1527,0,36.770668,-9.056255,Unlabeled,❌
Neuron_1528,0,8.156106,-14.57046,Unlabeled,❌
Neuron_1529,0,36.7814,-11.071091,Unlabeled,❌
Neuron_1530,0,40.666737,-2.4248612,Unlabeled,❌
Neuron_1531,0,40.69738,-2.6141438,Unlabeled,❌
Neuron_1532,0,53.441757,2.6079805,Unlabeled,❌
