,003,012,102,021D,021U,021C,111D,111U,030T,030C,201,120D,120U,120C,210,300
PC30,122998,5590,0,36,154,0,0,0,0,0,0,0,0,0,0,0
"(0, 1)_(0, 2)_(1, 2)_(2, 0)_nan_nan_nan_nan_nan",110121,17682,0,345,630,0,0,0,0,0,0,0,0,0,0,0
PC9,102020,24776,0,1431,551,0,0,0,0,0,0,0,0,0,0,0
"(0, 2)_(1, 0)_(1, 1)_(1, 2)_(2, 1)_nan_nan_nan_nan",120081,8388,0,204,105,0,0,0,0,0,0,0,0,0,0,0
PC13,111543,16356,0,528,351,0,0,0,0,0,0,0,0,0,0,0
"(0, 0)_(0, 2)_(2, 1)_nan_nan_nan_nan_nan_nan",125896,2830,0,49,3,0,0,0,0,0,0,0,0,0,0,0
PC36,121029,7504,0,78,167,0,0,0,0,0,0,0,0,0,0,0
"(0, 0)_(0, 1)_(0, 2)_nan_nan_nan_nan_nan_nan",124393,4318,0,52,15,0,0,0,0,0,0,0,0,0,0,0
PC33,120123,8304,0,105,246,0,0,0,0,0,0,0,0,0,0,0
PC72,121052,7458,0,78,190,0,0,0,0,0,0,0,0,0,0,0
PC18,124948,3714,0,10,106,0,0,0,0,0,0,0,0,0,0,0
PC34,122006,6562,0,55,155,0,0,0,0,0,0,0,0,0,0,0
PC10,107482,19924,0,861,511,0,0,0,0,0,0,0,0,0,0,0
PC99,123450,5192,0,28,108,0,0,0,0,0,0,0,0,0,0,0
"(0, 2)_(1, 0)_(1, 1)_(1, 2)_(2, 0)_nan_nan_nan_nan",122497,6086,0,150,45,0,0,0,0,0,0,0,0,0,0,0
"(0, 2)_(1, 0)_(1, 1)_(1, 2)_(2, 0)_(2, 1)_nan_nan_nan",126371,2386,0,20,1,0,0,0,0,0,0,0,0,0,0,0
PC31,121099,7364,0,78,237,0,0,0,0,0,0,0,0,0,0,0
PC16,121552,6964,0,66,196,0,0,0,0,0,0,0,0,0,0,0
"(0, 0)_(0, 1)_(0, 2)_(2, 1)_nan_nan_nan_nan_nan",124420,4264,0,79,15,0,0,0,0,0,0,0,0,0,0,0
PC7,121043,7476,0,78,181,0,0,0,0,0,0,0,0,0,0,0
"(1, 0)_(1, 2)_(2, 1)_nan_nan_nan_nan_nan_nan",124905,3800,0,63,10,0,0,0,0,0,0,0,0,0,0,0
PC93,121040,7482,0,78,178,0,0,0,0,0,0,0,0,0,0,0
"(0, 1)_(2, 1)_nan_nan_nan_nan_nan_nan_nan",108350,19200,0,448,780,0,0,0,0,0,0,0,0,0,0,0
PC88,125421,3274,0,6,77,0,0,0,0,0,0,0,0,0,0,0
PC35,126403,2322,0,1,52,0,0,0,0,0,0,0,0,0,0,0
PC89,122427,6226,0,45,80,0,0,0,0,0,0,0,0,0,0,0
"(0, 0)_(1, 0)_(1, 2)_nan_nan_nan_nan_nan_nan",124925,3760,0,83,10,0,0,0,0,0,0,0,0,0,0,0
PC43,123508,5076,0,28,166,0,0,0,0,0,0,0,0,0,0,0
PC12,121135,7292,0,78,273,0,0,0,0,0,0,0,0,0,0,0
"(0, 0)_(0, 2)_(2, 1)_(2, 2)_nan_nan_nan_nan_nan",123093,5400,0,249,36,0,0,0,0,0,0,0,0,0,0,0
PC75,125449,3218,0,6,105,0,0,0,0,0,0,0,0,0,0,0
"(0, 2)_(1, 0)_(1, 1)_(1, 2)_(2, 2)_nan_nan_nan_nan",122993,5600,0,149,36,0,0,0,0,0,0,0,0,0,0,0
PC78,122510,6060,0,45,163,0,0,0,0,0,0,0,0,0,0,0
"(0, 0)_(0, 1)_(1, 0)_(1, 1)_(1, 2)_(2, 1)_nan_nan_nan",120353,7844,0,476,105,0,0,0,0,0,0,0,0,0,0,0
"(0, 0)_(0, 2)_(1, 2)_(2, 0)_(2, 1)_(2, 2)_nan_nan_nan",126481,2166,0,130,1,0,0,0,0,0,0,0,0,0,0,0
"(0, 2)_(1, 0)_(1, 1)_nan_nan_nan_nan_nan_nan",120608,7840,0,239,91,0,0,0,0,0,0,0,0,0,0,0
"(1, 0)_(1, 1)_(1, 2)_(2, 1)_(2, 2)_nan_nan_nan_nan",125544,3028,0,200,6,0,0,0,0,0,0,0,0,0,0,0
PC4,111077,16782,0,561,358,0,0,0,0,0,0,0,0,0,0,0
PC1,115310,12870,0,300,298,0,0,0,0,0,0,0,0,0,0,0
PC37,124936,3738,0,10,94,0,0,0,0,0,0,0,0,0,0,0
PC44,125436,3244,0,6,92,0,0,0,0,0,0,0,0,0,0,0
"(0, 0)_(0, 2)_(1, 2)_(2, 1)_(2, 2)_nan_nan_nan_nan",123973,4652,0,132,21,0,0,0,0,0,0,0,0,0,0,0
PC79,126385,2358,0,1,34,0,0,0,0,0,0,0,0,0,0,0
PC77,124926,3758,0,10,84,0,0,0,0,0,0,0,0,0,0,0
PC76,123479,5134,0,28,137,0,0,0,0,0,0,0,0,0,0,0
PC58,119530,8984,0,120,144,0,0,0,0,0,0,0,0,0,0,0
"(0, 2)_(1, 0)_(1, 1)_(2, 0)_(2, 1)_(2, 2)_nan_nan_nan",126871,1892,0,15,0,0,0,0,0,0,0,0,0,0,0,0
PC98,122486,6108,0,45,139,0,0,0,0,0,0,0,0,0,0,0
"(0, 0)_(0, 2)_(1, 2)_(2, 1)_nan_nan_nan_nan_nan",126865,1904,0,9,0,0,0,0,0,0,0,0,0,0,0,0
PC29,116716,11576,0,231,255,0,0,0,0,0,0,0,0,0,0,0
"(1, 0)_(1, 1)_(2, 1)_(2, 2)_nan_nan_nan_nan_nan",124483,4138,0,142,15,0,0,0,0,0,0,0,0,0,0,0
"(0, 0)_(0, 1)_(1, 0)_(1, 1)_(1, 2)_(2, 1)_(2, 2)_nan_nan",119768,8508,0,382,120,0,0,0,0,0,0,0,0,0,0,0
PC32,123037,5512,0,36,193,0,0,0,0,0,0,0,0,0,0,0
PC97,125914,2794,0,3,67,0,0,0,0,0,0,0,0,0,0,0
"(0, 0)_(0, 1)_(0, 2)_(2, 1)_(2, 2)_nan_nan_nan_nan",116878,11252,0,417,231,0,0,0,0,0,0,0,0,0,0,0
"(0, 1)_(2, 0)_(2, 2)_nan_nan_nan_nan_nan_nan",124409,4286,0,68,15,0,0,0,0,0,0,0,0,0,0,0
PC11,124948,3714,0,10,106,0,0,0,0,0,0,0,0,0,0,0
"(0, 1)_(0, 2)_(1, 0)_(1, 1)_(1, 2)_(2, 0)_(2, 1)_(2, 2)_nan",117781,10458,0,349,190,0,0,0,0,0,0,0,0,0,0,0
"(1, 0)_(1, 2)_nan_nan_nan_nan_nan_nan_nan",112436,15582,0,295,465,0,0,0,0,0,0,0,0,0,0,0
PC38,123004,5578,0,36,160,0,0,0,0,0,0,0,0,0,0,0
PC56,123455,5182,0,28,113,0,0,0,0,0,0,0,0,0,0,0
"(0, 1)_(1, 1)_(2, 1)_nan_nan_nan_nan_nan_nan",123447,5198,0,105,28,0,0,0,0,0,0,0,0,0,0,0
"(0, 0)_(0, 1)_(0, 2)_(2, 0)_(2, 1)_(2, 2)_nan_nan_nan",126002,2618,0,155,3,0,0,0,0,0,0,0,0,0,0,0
"(0, 1)_(1, 1)_(2, 0)_(2, 1)_nan_nan_nan_nan_nan",126372,2384,0,21,1,0,0,0,0,0,0,0,0,0,0,0
PC87,123987,4624,0,21,146,0,0,0,0,0,0,0,0,0,0,0
PC65,125397,3322,0,6,53,0,0,0,0,0,0,0,0,0,0,0
PC67,124474,4156,0,15,133,0,0,0,0,0,0,0,0,0,0,0
"(0, 0)_(0, 1)_(0, 2)_(1, 2)_nan_nan_nan_nan_nan",124401,4302,0,60,15,0,0,0,0,0,0,0,0,0,0,0
"(0, 1)_(0, 2)_(1, 0)_(1, 1)_(1, 2)_(2, 0)_(2, 1)_nan_nan",126067,2488,0,220,3,0,0,0,0,0,0,0,0,0,0,0
PC15,120484,8088,0,91,115,0,0,0,0,0,0,0,0,0,0,0
"(0, 1)_(1, 1)_(1, 2)_nan_nan_nan_nan_nan_nan",123973,4652,0,132,21,0,0,0,0,0,0,0,0,0,0,0
"(0, 1)_(1, 1)_(1, 2)_(2, 2)_nan_nan_nan_nan_nan",124523,4058,0,182,15,0,0,0,0,0,0,0,0,0,0,0
"(0, 1)_(0, 2)_(1, 0)_(1, 1)_(1, 2)_(2, 1)_nan_nan_nan",124991,3628,0,149,10,0,0,0,0,0,0,0,0,0,0,0
"(0, 0)_(0, 1)_(0, 2)_(1, 2)_(2, 2)_nan_nan_nan_nan",123498,5096,0,156,28,0,0,0,0,0,0,0,0,0,0,0
PC69,119052,9434,0,136,156,0,0,0,0,0,0,0,0,0,0,0
"(0, 0)_(0, 1)_(0, 2)_(2, 0)_(2, 1)_nan_nan_nan_nan",124933,3744,0,91,10,0,0,0,0,0,0,0,0,0,0,0
PC70,121045,7472,0,78,183,0,0,0,0,0,0,0,0,0,0,0
"(1, 0)_(1, 2)_(2, 2)_nan_nan_nan_nan_nan_nan",123408,5276,0,66,28,0,0,0,0,0,0,0,0,0,0,0
"(0, 0)_(1, 0)_(2, 0)_nan_nan_nan_nan_nan_nan",125872,2878,0,25,3,0,0,0,0,0,0,0,0,0,0,0
total_3node_motifs,108610,19186,0,741,241,0,0,0,0,0,0,0,0,0,0,0
PC91,123471,5150,0,28,129,0,0,0,0,0,0,0,0,0,0,0
"(0, 0)_(1, 2)_(2, 0)_(2, 2)_nan_nan_nan_nan_nan",123958,4682,0,117,21,0,0,0,0,0,0,0,0,0,0,0
"(0, 1)_(1, 2)_(2, 2)_nan_nan_nan_nan_nan_nan",122457,6166,0,110,45,0,0,0,0,0,0,0,0,0,0,0
PC50,123014,5558,0,36,170,0,0,0,0,0,0,0,0,0,0,0
PC40,125929,2764,0,3,82,0,0,0,0,0,0,0,0,0,0,0
"(0, 2)_(1, 2)_(2, 1)_nan_nan_nan_nan_nan_nan",122506,6068,0,159,45,0,0,0,0,0,0,0,0,0,0,0
"(0, 1)_(1, 2)_(2, 1)_nan_nan_nan_nan_nan_nan",123972,4654,0,131,21,0,0,0,0,0,0,0,0,0,0,0
PC94,125450,3216,0,6,106,0,0,0,0,0,0,0,0,0,0,0
"(0, 2)_(1, 0)_(1, 2)_(2, 0)_(2, 2)_nan_nan_nan_nan",126871,1892,0,15,0,0,0,0,0,0,0,0,0,0,0,0
"(0, 2)_(1, 0)_(1, 2)_(2, 1)_nan_nan_nan_nan_nan",119074,9390,0,178,136,0,0,0,0,0,0,0,0,0,0,0
"(0, 2)_(1, 1)_(1, 2)_(2, 2)_nan_nan_nan_nan_nan",124996,3618,0,154,10,0,0,0,0,0,0,0,0,0,0,0
"(0, 2)_(1, 1)_(1, 2)_(2, 1)_nan_nan_nan_nan_nan",124946,3718,0,104,10,0,0,0,0,0,0,0,0,0,0,0
"(0, 0)_(0, 1)_(1, 2)_(2, 1)_nan_nan_nan_nan_nan",126462,2204,0,111,1,0,0,0,0,0,0,0,0,0,0,0
"(0, 0)_(0, 1)_(1, 2)_nan_nan_nan_nan_nan_nan",125003,3604,0,161,10,0,0,0,0,0,0,0,0,0,0,0
"(0, 2)_(1, 2)_nan_nan_nan_nan_nan_nan_nan",123929,4740,0,88,21,0,0,0,0,0,0,0,0,0,0,0
"(0, 0)_(0, 1)_(2, 0)_(2, 1)_(2, 2)_nan_nan_nan_nan",126869,1896,0,13,0,0,0,0,0,0,0,0,0,0,0,0
"(0, 0)_(0, 1)_(2, 0)_(2, 1)_nan_nan_nan_nan_nan",124898,3814,0,56,10,0,0,0,0,0,0,0,0,0,0,0
"(0, 2)_(1, 1)_(1, 2)_(2, 0)_(2, 1)_(2, 2)_nan_nan_nan",117352,10810,0,406,210,0,0,0,0,0,0,0,0,0,0,0
"(0, 0)_(0, 1)_(2, 1)_(2, 2)_nan_nan_nan_nan_nan",125968,2686,0,121,3,0,0,0,0,0,0,0,0,0,0,0
"(0, 0)_(0, 1)_(2, 1)_nan_nan_nan_nan_nan_nan",125398,3320,0,54,6,0,0,0,0,0,0,0,0,0,0,0
"(0, 0)_(0, 1)_(1, 1)_(1, 2)_(2, 0)_(2, 1)_nan_nan_nan",122150,6274,0,299,55,0,0,0,0,0,0,0,0,0,0,0
PC39,123504,5084,0,28,162,0,0,0,0,0,0,0,0,0,0,0
"(0, 0)_(0, 1)_(1, 1)_(1, 2)_(2, 1)_(2, 2)_nan_nan_nan",121244,7074,0,382,78,0,0,0,0,0,0,0,0,0,0,0
PC24,116703,11602,0,231,242,0,0,0,0,0,0,0,0,0,0,0
PC82,123442,5208,0,28,100,0,0,0,0,0,0,0,0,0,0,0
"(0, 2)_(1, 2)_(2, 0)_nan_nan_nan_nan_nan_nan",124523,4058,0,182,15,0,0,0,0,0,0,0,0,0,0,0
"(0, 2)_(1, 2)_(2, 0)_(2, 2)_nan_nan_nan_nan_nan",122951,5684,0,107,36,0,0,0,0,0,0,0,0,0,0,0
PC81,125908,2806,0,3,61,0,0,0,0,0,0,0,0,0,0,0
"(0, 2)_(1, 2)_(2, 0)_(2, 1)_nan_nan_nan_nan_nan",125408,3300,0,64,6,0,0,0,0,0,0,0,0,0,0,0
PC52,124953,3704,0,10,111,0,0,0,0,0,0,0,0,0,0,0
"(0, 0)_(0, 1)_(1, 2)_(2, 0)_(2, 1)_nan_nan_nan_nan",115770,12456,0,276,276,0,0,0,0,0,0,0,0,0,0,0
PC49,123522,5048,0,28,180,0,0,0,0,0,0,0,0,0,0,0
"(0, 2)_(1, 1)_(2, 1)_nan_nan_nan_nan_nan_nan",125363,3390,0,19,6,0,0,0,0,0,0,0,0,0,0,0
"(0, 0)_(0, 2)_(1, 0)_(1, 1)_(1, 2)_(2, 0)_(2, 1)_nan_nan",113380,14706,0,286,406,0,0,0,0,0,0,0,0,0,0,0
"(0, 0)_(0, 1)_(1, 0)_(1, 1)_(1, 2)_(2, 2)_nan_nan_nan",121804,6460,0,448,66,0,0,0,0,0,0,0,0,0,0,0
"(0, 0)_(0, 2)_(1, 0)_(1, 1)_(2, 0)_nan_nan_nan_nan",123614,4864,0,272,28,0,0,0,0,0,0,0,0,0,0,0
PC6,124428,4248,0,15,87,0,0,0,0,0,0,0,0,0,0,0
"(0, 2)_(2, 1)_nan_nan_nan_nan_nan_nan_nan",124884,3842,0,42,10,0,0,0,0,0,0,0,0,0,0,0
"(0, 2)_(1, 0)_(1, 2)_nan_nan_nan_nan_nan_nan",118152,10222,0,233,171,0,0,0,0,0,0,0,0,0,0,0
"(0, 2)_(1, 0)_(1, 2)_(2, 2)_nan_nan_nan_nan_nan",120521,8014,0,152,91,0,0,0,0,0,0,0,0,0,0,0
"(0, 0)_(0, 2)_(1, 1)_(1, 2)_(2, 0)_(2, 1)_(2, 2)_nan_nan",126473,2182,0,122,1,0,0,0,0,0,0,0,0,0,0,0
PC57,124918,3774,0,10,76,0,0,0,0,0,0,0,0,0,0,0
"(0, 0)_(0, 2)_(1, 1)_(1, 2)_(2, 0)_(2, 2)_nan_nan_nan",126481,2166,0,130,1,0,0,0,0,0,0,0,0,0,0,0
"(0, 0)_(0, 1)_(1, 0)_(1, 2)_(2, 0)_(2, 2)_nan_nan_nan",125005,3600,0,163,10,0,0,0,0,0,0,0,0,0,0,0
"(0, 2)_(2, 0)_(2, 1)_nan_nan_nan_nan_nan_nan",122962,5662,0,118,36,0,0,0,0,0,0,0,0,0,0,0
"(0, 2)_(1, 0)_(2, 0)_nan_nan_nan_nan_nan_nan",119211,9116,0,315,136,0,0,0,0,0,0,0,0,0,0,0
"(0, 2)_(1, 0)_(2, 0)_(2, 1)_nan_nan_nan_nan_nan",120510,8036,0,141,91,0,0,0,0,0,0,0,0,0,0,0
PC73,125463,3190,0,6,119,0,0,0,0,0,0,0,0,0,0,0
"(0, 0)_(0, 2)_(1, 0)_(1, 1)_(1, 2)_(2, 0)_nan_nan_nan",120187,8176,0,310,105,0,0,0,0,0,0,0,0,0,0,0
PC86,122965,5656,0,36,121,0,0,0,0,0,0,0,0,0,0,0
"(0, 2)_(2, 1)_(2, 2)_nan_nan_nan_nan_nan_nan",126448,2232,0,97,1,0,0,0,0,0,0,0,0,0,0,0
"(0, 1)_(1, 0)_(1, 2)_(2, 0)_(2, 1)_(2, 2)_nan_nan_nan",121595,6878,0,239,66,0,0,0,0,0,0,0,0,0,0,0
"(0, 1)_(0, 2)_(1, 1)_(1, 2)_(2, 0)_(2, 1)_nan_nan_nan",111957,16034,0,291,496,0,0,0,0,0,0,0,0,0,0,0
"(0, 1)_(1, 0)_(1, 1)_(2, 1)_nan_nan_nan_nan_nan",125928,2766,0,81,3,0,0,0,0,0,0,0,0,0,0,0
"(0, 1)_(1, 0)_(1, 1)_(2, 0)_(2, 2)_nan_nan_nan_nan",125941,2740,0,94,3,0,0,0,0,0,0,0,0,0,0,0
"(0, 1)_(0, 2)_(1, 1)_(1, 2)_(2, 0)_nan_nan_nan_nan",108279,19342,0,377,780,0,0,0,0,0,0,0,0,0,0,0
"(0, 1)_(1, 0)_(1, 1)_(1, 2)_(2, 2)_nan_nan_nan_nan",125570,2976,0,226,6,0,0,0,0,0,0,0,0,0,0,0
"(0, 1)_(1, 0)_(1, 1)_(1, 2)_(2, 1)_nan_nan_nan_nan",125530,3056,0,186,6,0,0,0,0,0,0,0,0,0,0,0
"(0, 1)_(1, 0)_(1, 1)_(1, 2)_(2, 1)_(2, 2)_nan_nan_nan",125589,2938,0,245,6,0,0,0,0,0,0,0,0,0,0,0
"(0, 1)_(1, 0)_(1, 1)_(1, 2)_(2, 0)_(2, 2)_nan_nan_nan",124593,3918,0,252,15,0,0,0,0,0,0,0,0,0,0,0
PC28,124003,4592,0,21,162,0,0,0,0,0,0,0,0,0,0,0
"(1, 2)_(2, 0)_nan_nan_nan_nan_nan_nan_nan",125464,3188,0,120,6,0,0,0,0,0,0,0,0,0,0,0
"(0, 0)_(0, 1)_(0, 2)_(1, 0)_(1, 2)_(2, 0)_(2, 1)_(2, 2)_nan",125917,2788,0,70,3,0,0,0,0,0,0,0,0,0,0,0
"(0, 0)_(0, 1)_(0, 2)_(1, 0)_(1, 2)_nan_nan_nan_nan",125974,2674,0,127,3,0,0,0,0,0,0,0,0,0,0,0
"(0, 1)_(1, 0)_(1, 2)_nan_nan_nan_nan_nan_nan",119652,8740,0,266,120,0,0,0,0,0,0,0,0,0,0,0
"(1, 0)_(2, 1)_nan_nan_nan_nan_nan_nan_nan",124433,4238,0,92,15,0,0,0,0,0,0,0,0,0,0,0
"(0, 0)_(0, 1)_(0, 2)_(1, 0)_(2, 2)_nan_nan_nan_nan",124972,3666,0,130,10,0,0,0,0,0,0,0,0,0,0,0
"(0, 1)_(1, 0)_(1, 2)_(2, 2)_nan_nan_nan_nan_nan",126373,2382,0,22,1,0,0,0,0,0,0,0,0,0,0,0
PC41,125857,2908,0,3,10,0,0,0,0,0,0,0,0,0,0,0
"(0, 1)_(1, 0)_(1, 2)_(2, 1)_nan_nan_nan_nan_nan",124008,4582,0,167,21,0,0,0,0,0,0,0,0,0,0,0
"(1, 1)_(1, 2)_(2, 0)_(2, 1)_nan_nan_nan_nan_nan",126449,2230,0,98,1,0,0,0,0,0,0,0,0,0,0,0
"(1, 1)_(1, 2)_(2, 0)_(2, 1)_(2, 2)_nan_nan_nan_nan",126465,2198,0,114,1,0,0,0,0,0,0,0,0,0,0,0
"(0, 0)_(0, 1)_(0, 2)_(1, 0)_(2, 0)_(2, 2)_nan_nan_nan",126482,2164,0,131,1,0,0,0,0,0,0,0,0,0,0,0
PC63,124937,3736,0,10,95,0,0,0,0,0,0,0,0,0,0,0
"(0, 1)_(1, 0)_(1, 2)_(2, 0)_(2, 1)_nan_nan_nan_nan",125946,2730,0,99,3,0,0,0,0,0,0,0,0,0,0,0
PC100,125859,2904,0,3,12,0,0,0,0,0,0,0,0,0,0,0
"(0, 1)_(1, 0)_(1, 1)_(1, 2)_(2, 0)_(2, 1)_(2, 2)_nan_nan",126443,2242,0,92,1,0,0,0,0,0,0,0,0,0,0,0
"(2, 0)_(2, 1)_nan_nan_nan_nan_nan_nan_nan",121145,7272,0,283,78,0,0,0,0,0,0,0,0,0,0,0
"(0, 1)_(0, 2)_(2, 0)_(2, 1)_(2, 2)_nan_nan_nan_nan",123399,5294,0,57,28,0,0,0,0,0,0,0,0,0,0,0
PC17,126385,2358,0,1,34,0,0,0,0,0,0,0,0,0,0,0
"(0, 1)_(0, 2)_(1, 2)_(2, 0)_(2, 1)_(2, 2)_nan_nan_nan",125441,3234,0,97,6,0,0,0,0,0,0,0,0,0,0,0
"(0, 0)_(0, 1)_(0, 2)_(1, 0)_(1, 1)_(1, 2)_(2, 1)_(2, 2)_nan",125552,3012,0,208,6,0,0,0,0,0,0,0,0,0,0,0
"(0, 1)_(0, 2)_(1, 1)_(2, 1)_nan_nan_nan_nan_nan",123989,4620,0,148,21,0,0,0,0,0,0,0,0,0,0,0
"(0, 1)_(0, 2)_(1, 2)_nan_nan_nan_nan_nan_nan",120974,7614,0,112,78,0,0,0,0,0,0,0,0,0,0,0
PC64,126372,2384,0,1,21,0,0,0,0,0,0,0,0,0,0,0
PC74,125900,2822,0,3,53,0,0,0,0,0,0,0,0,0,0,0
"(0, 0)_(0, 1)_(0, 2)_(1, 0)_(1, 1)_(1, 2)_(2, 0)_(2, 1)_nan",124631,3842,0,290,15,0,0,0,0,0,0,0,0,0,0,0
"(0, 1)_(0, 2)_(1, 2)_(2, 2)_nan_nan_nan_nan_nan",125386,3344,0,42,6,0,0,0,0,0,0,0,0,0,0,0
"(0, 1)_(0, 2)_(2, 0)_(2, 2)_nan_nan_nan_nan_nan",115235,13020,0,223,300,0,0,0,0,0,0,0,0,0,0,0
"(0, 1)_(0, 2)_nan_nan_nan_nan_nan_nan_nan",120516,8024,0,147,91,0,0,0,0,0,0,0,0,0,0,0
"(0, 1)_(0, 2)_(2, 2)_nan_nan_nan_nan_nan_nan",124974,3662,0,132,10,0,0,0,0,0,0,0,0,0,0,0
"(0, 1)_(0, 2)_(2, 1)_nan_nan_nan_nan_nan_nan",122505,6070,0,158,45,0,0,0,0,0,0,0,0,0,0,0
"(0, 0)_(0, 1)_(0, 2)_(1, 0)_(1, 1)_(2, 0)_(2, 1)_nan_nan",122159,6256,0,308,55,0,0,0,0,0,0,0,0,0,0,0
"(0, 1)_(0, 2)_(1, 1)_(1, 2)_(2, 1)_(2, 2)_nan_nan_nan",126494,2140,0,143,1,0,0,0,0,0,0,0,0,0,0,0
"(0, 1)_(0, 2)_(1, 1)_(1, 2)_(2, 1)_nan_nan_nan_nan",123539,5014,0,197,28,0,0,0,0,0,0,0,0,0,0,0
"(0, 0)_(0, 1)_(0, 2)_(1, 0)_(1, 1)_(1, 2)_nan_nan_nan",125941,2740,0,94,3,0,0,0,0,0,0,0,0,0,0,0
PC196,124402,4300,0,15,61,0,0,0,0,0,0,0,0,0,0,0
"(0, 1)_(1, 0)_(2, 1)_nan_nan_nan_nan_nan_nan",116338,11826,0,361,253,0,0,0,0,0,0,0,0,0,0,0
"(0, 1)_(1, 0)_(2, 0)_(2, 1)_(2, 2)_nan_nan_nan_nan",123008,5570,0,164,36,0,0,0,0,0,0,0,0,0,0,0
PC54,126864,1906,0,0,8,0,0,0,0,0,0,0,0,0,0,0
"(1, 0)_(2, 0)_(2, 1)_nan_nan_nan_nan_nan_nan",124906,3798,0,64,10,0,0,0,0,0,0,0,0,0,0,0
"(0, 1)_(0, 2)_(1, 0)_(1, 1)_(2, 1)_(2, 2)_nan_nan_nan",125927,2768,0,80,3,0,0,0,0,0,0,0,0,0,0,0
"(0, 1)_(0, 2)_(1, 0)_(1, 2)_(2, 0)_(2, 2)_nan_nan_nan",124008,4582,0,167,21,0,0,0,0,0,0,0,0,0,0,0
PC23,124451,4202,0,15,110,0,0,0,0,0,0,0,0,0,0,0
"(0, 0)_(0, 1)_(0, 2)_(1, 2)_(2, 0)_(2, 1)_nan_nan_nan",126369,2390,0,18,1,0,0,0,0,0,0,0,0,0,0,0
"(0, 1)_(1, 0)_(2, 0)_(2, 2)_nan_nan_nan_nan_nan",123001,5584,0,157,36,0,0,0,0,0,0,0,0,0,0,0
"(0, 1)_(0, 2)_(1, 0)_(1, 1)_(2, 1)_nan_nan_nan_nan",126407,2314,0,56,1,0,0,0,0,0,0,0,0,0,0,0
"(0, 0)_(0, 1)_(0, 2)_(1, 1)_(2, 0)_(2, 2)_nan_nan_nan",125974,2674,0,127,3,0,0,0,0,0,0,0,0,0,0,0
"(0, 1)_(0, 2)_(1, 0)_(1, 2)_nan_nan_nan_nan_nan",121586,6896,0,230,66,0,0,0,0,0,0,0,0,0,0,0
"(0, 0)_(0, 1)_(0, 2)_(1, 1)_(2, 2)_nan_nan_nan_nan",126888,1858,0,32,0,0,0,0,0,0,0,0,0,0,0,0
"(0, 1)_(1, 0)_(2, 0)_nan_nan_nan_nan_nan_nan",124052,4494,0,211,21,0,0,0,0,0,0,0,0,0,0,0
"(0, 0)_(0, 1)_(0, 2)_(1, 2)_(2, 0)_nan_nan_nan_nan",125880,2862,0,33,3,0,0,0,0,0,0,0,0,0,0,0
"(0, 1)_(1, 1)_(1, 2)_(2, 0)_nan_nan_nan_nan_nan",126863,1908,0,7,0,0,0,0,0,0,0,0,0,0,0,0
"(0, 1)_(1, 1)_(1, 2)_(2, 1)_nan_nan_nan_nan_nan",125002,3606,0,160,10,0,0,0,0,0,0,0,0,0,0,0
"(0, 0)_(0, 1)_(0, 2)_(1, 1)_(1, 2)_(2, 0)_nan_nan_nan",126482,2164,0,131,1,0,0,0,0,0,0,0,0,0,0,0
PC59,126891,1852,0,0,35,0,0,0,0,0,0,0,0,0,0,0
"(0, 0)_(0, 2)_(1, 0)_(1, 2)_nan_nan_nan_nan_nan",122525,6030,0,178,45,0,0,0,0,0,0,0,0,0,0,0
PC42,125908,2806,0,3,61,0,0,0,0,0,0,0,0,0,0,0
"(0, 1)_(0, 2)_(2, 0)_(2, 1)_nan_nan_nan_nan_nan",124939,3732,0,97,10,0,0,0,0,0,0,0,0,0,0,0
PC92,124448,4208,0,15,107,0,0,0,0,0,0,0,0,0,0,0
PC48,124476,4152,0,15,135,0,0,0,0,0,0,0,0,0,0,0
"(0, 0)_(0, 2)_(1, 1)_(1, 2)_(2, 2)_nan_nan_nan_nan",123556,4980,0,214,28,0,0,0,0,0,0,0,0,0,0,0
"(0, 1)_(2, 0)_(2, 1)_(2, 2)_nan_nan_nan_nan_nan",124396,4312,0,55,15,0,0,0,0,0,0,0,0,0,0,0
PC22,120547,7962,0,91,178,0,0,0,0,0,0,0,0,0,0,0
PC2,122959,5668,0,36,115,0,0,0,0,0,0,0,0,0,0,0
"(0, 0)_(0, 1)_(0, 2)_(1, 0)_(1, 2)_(2, 0)_(2, 1)_nan_nan",126457,2214,0,106,1,0,0,0,0,0,0,0,0,0,0,0
"(1, 0)_(1, 2)_(2, 0)_nan_nan_nan_nan_nan_nan",125411,3294,0,67,6,0,0,0,0,0,0,0,0,0,0,0
"(0, 0)_(1, 2)_(2, 0)_(2, 1)_(2, 2)_nan_nan_nan_nan",121112,7338,0,250,78,0,0,0,0,0,0,0,0,0,0,0
PC102,126410,2308,0,1,59,0,0,0,0,0,0,0,0,0,0,0
"(0, 1)_(1, 1)_(2, 1)_(2, 2)_nan_nan_nan_nan_nan",124381,4342,0,40,15,0,0,0,0,0,0,0,0,0,0,0
PC55,125891,2840,0,3,44,0,0,0,0,0,0,0,0,0,0,0
"(0, 0)_(1, 0)_(1, 2)_(2, 0)_nan_nan_nan_nan_nan",124398,4308,0,57,15,0,0,0,0,0,0,0,0,0,0,0
PC66,124452,4200,0,15,111,0,0,0,0,0,0,0,0,0,0,0
"(0, 2)_(1, 2)_(2, 2)_nan_nan_nan_nan_nan_nan",124390,4324,0,49,15,0,0,0,0,0,0,0,0,0,0,0
PC71,126381,2366,0,1,30,0,0,0,0,0,0,0,0,0,0,0
"(0, 1)_(1, 0)_(2, 0)_(2, 1)_nan_nan_nan_nan_nan",126442,2244,0,91,1,0,0,0,0,0,0,0,0,0,0,0
PC83,125431,3254,0,6,87,0,0,0,0,0,0,0,0,0,0,0
"(0, 0)_(0, 1)_(1, 1)_(1, 2)_(2, 0)_nan_nan_nan_nan",125949,2724,0,102,3,0,0,0,0,0,0,0,0,0,0,0
PC45,126872,1890,0,0,16,0,0,0,0,0,0,0,0,0,0,0
"(0, 1)_(0, 2)_(1, 1)_(1, 2)_(2, 2)_nan_nan_nan_nan",126005,2612,0,158,3,0,0,0,0,0,0,0,0,0,0,0
PC101,124463,4178,0,15,122,0,0,0,0,0,0,0,0,0,0,0
PC68,126380,2368,0,1,29,0,0,0,0,0,0,0,0,0,0,0
"(1, 0)_(2, 0)_nan_nan_nan_nan_nan_nan_nan",123068,5450,0,224,36,0,0,0,0,0,0,0,0,0,0,0
PC19,125396,3324,0,6,52,0,0,0,0,0,0,0,0,0,0,0
PC183,125917,2788,0,3,70,0,0,0,0,0,0,0,0,0,0,0
PC85,126367,2394,0,1,16,0,0,0,0,0,0,0,0,0,0,0
"(0, 1)_(0, 2)_(1, 1)_(2, 2)_nan_nan_nan_nan_nan",125472,3172,0,128,6,0,0,0,0,0,0,0,0,0,0,0
PC8,125915,2792,0,3,68,0,0,0,0,0,0,0,0,0,0,0
"(0, 0)_(0, 1)_(0, 2)_(1, 2)_(2, 0)_(2, 1)_(2, 2)_nan_nan",126449,2230,0,98,1,0,0,0,0,0,0,0,0,0,0,0
"(0, 0)_(2, 0)_(2, 1)_(2, 2)_nan_nan_nan_nan_nan",125033,3544,0,191,10,0,0,0,0,0,0,0,0,0,0,0
PC180,124420,4264,0,15,79,0,0,0,0,0,0,0,0,0,0,0
"(0, 0)_(0, 1)_(0, 2)_(1, 0)_(1, 1)_(1, 2)_(2, 1)_nan_nan",124941,3728,0,99,10,0,0,0,0,0,0,0,0,0,0,0
"(0, 1)_(1, 0)_(2, 1)_(2, 2)_nan_nan_nan_nan_nan",125567,2982,0,223,6,0,0,0,0,0,0,0,0,0,0,0
as_target,85784,38526,0,4095,373,0,0,0,0,0,0,0,0,0,0,0
"(0, 2)_(1, 1)_(2, 0)_(2, 1)_nan_nan_nan_nan_nan",124991,3628,0,149,10,0,0,0,0,0,0,0,0,0,0,0
as_source,82446,41154,0,4851,327,0,0,0,0,0,0,0,0,0,0,0
"(0, 0)_(0, 2)_(1, 0)_(2, 0)_(2, 1)_nan_nan_nan_nan",126954,1726,0,98,0,0,0,0,0,0,0,0,0,0,0,0
"(0, 2)_(1, 0)_(1, 2)_(2, 0)_(2, 1)_nan_nan_nan_nan",125902,2818,0,55,3,0,0,0,0,0,0,0,0,0,0,0
KMeansCluster,114811,13362,0,325,280,0,0,0,0,0,0,0,0,0,0,0
PC189,124432,4240,0,15,91,0,0,0,0,0,0,0,0,0,0,0
PC14,124959,3692,0,10,117,0,0,0,0,0,0,0,0,0,0,0
PC27,125904,2814,0,3,57,0,0,0,0,0,0,0,0,0,0,0
51,123906,4786,0,21,65,0,0,0,0,0,0,0,0,0,0,0
"(0, 1)_(1, 1)_(2, 0)_(2, 2)_nan_nan_nan_nan_nan",126407,2314,0,56,1,0,0,0,0,0,0,0,0,0,0,0
Type_Interneuron,119484,9076,0,120,98,0,0,0,0,0,0,0,0,0,0,0
"(0, 0)_(0, 1)_(0, 2)_(1, 0)_(1, 2)_(2, 2)_nan_nan_nan",126946,1742,0,90,0,0,0,0,0,0,0,0,0,0,0,0
PC84,125939,2744,0,3,92,0,0,0,0,0,0,0,0,0,0,0
PC21,125928,2766,0,3,81,0,0,0,0,0,0,0,0,0,0,0
"(0, 0)_(0, 1)_(1, 0)_(1, 1)_(2, 0)_(2, 2)_nan_nan_nan",126946,1742,0,90,0,0,0,0,0,0,0,0,0,0,0,0
"(0, 0)_(0, 1)_(1, 2)_(2, 2)_nan_nan_nan_nan_nan",126946,1742,0,90,0,0,0,0,0,0,0,0,0,0,0,0
"(0, 1)_(0, 2)_(1, 2)_(2, 1)_nan_nan_nan_nan_nan",126909,1816,0,53,0,0,0,0,0,0,0,0,0,0,0,0
PC147,126388,2352,0,1,37,0,0,0,0,0,0,0,0,0,0,0
PC60,124966,3678,0,10,124,0,0,0,0,0,0,0,0,0,0,0
PC150,126405,2318,0,1,54,0,0,0,0,0,0,0,0,0,0,0
41,126395,2338,0,1,44,0,0,0,0,0,0,0,0,0,0,0
"(0, 1)_(0, 2)_(1, 1)_(2, 0)_(2, 2)_nan_nan_nan_nan",126863,1908,0,7,0,0,0,0,0,0,0,0,0,0,0,0
"(0, 2)_(1, 0)_(1, 1)_(2, 0)_nan_nan_nan_nan_nan",126539,2050,0,188,1,0,0,0,0,0,0,0,0,0,0,0
PC51,126872,1890,0,0,16,0,0,0,0,0,0,0,0,0,0,0
PC141,126386,2356,0,1,35,0,0,0,0,0,0,0,0,0,0,0
PC162,122917,5752,0,36,73,0,0,0,0,0,0,0,0,0,0,0
"(0, 1)_(0, 2)_(1, 0)_(2, 1)_(2, 2)_nan_nan_nan_nan",126367,2394,0,16,1,0,0,0,0,0,0,0,0,0,0,0
40,126381,2366,0,1,30,0,0,0,0,0,0,0,0,0,0,0
"(0, 0)_(0, 1)_(0, 2)_(1, 0)_(1, 1)_(2, 2)_nan_nan_nan",126539,2050,0,188,1,0,0,0,0,0,0,0,0,0,0,0
"(0, 0)_(0, 1)_(0, 2)_(1, 1)_(1, 2)_(2, 2)_nan_nan_nan",126539,2050,0,188,1,0,0,0,0,0,0,0,0,0,0,0
54,121922,6730,0,55,71,0,0,0,0,0,0,0,0,0,0,0
"(0, 1)_(0, 2)_(1, 1)_(2, 0)_(2, 1)_nan_nan_nan_nan",125961,2700,0,114,3,0,0,0,0,0,0,0,0,0,0,0
"(1, 0)_(1, 1)_(1, 2)_(2, 0)_(2, 2)_nan_nan_nan_nan",126954,1726,0,98,0,0,0,0,0,0,0,0,0,0,0,0
"(0, 1)_(0, 2)_(1, 0)_(1, 1)_(1, 2)_(2, 0)_(2, 2)_nan_nan",124958,3694,0,116,10,0,0,0,0,0,0,0,0,0,0,0
"(1, 2)_(2, 0)_(2, 1)_nan_nan_nan_nan_nan_nan",125890,2842,0,43,3,0,0,0,0,0,0,0,0,0,0,0
PC3,124913,3784,0,10,71,0,0,0,0,0,0,0,0,0,0,0
"(0, 0)_(0, 2)_(1, 0)_(1, 1)_(1, 2)_(2, 2)_nan_nan_nan",126954,1726,0,98,0,0,0,0,0,0,0,0,0,0,0,0
PC178,126394,2340,0,1,43,0,0,0,0,0,0,0,0,0,0,0
"(0, 1)_(0, 2)_(1, 0)_(1, 1)_(2, 2)_nan_nan_nan_nan",124975,3660,0,133,10,0,0,0,0,0,0,0,0,0,0,0
"(0, 1)_(0, 2)_(1, 1)_(2, 0)_nan_nan_nan_nan_nan",126397,2334,0,46,1,0,0,0,0,0,0,0,0,0,0,0
PC90,125417,3282,0,6,73,0,0,0,0,0,0,0,0,0,0,0
"(0, 1)_(1, 0)_(1, 1)_(2, 0)_nan_nan_nan_nan_nan",125407,3302,0,63,6,0,0,0,0,0,0,0,0,0,0,0
PC184,123908,4782,0,21,67,0,0,0,0,0,0,0,0,0,0,0
PC199,125874,2874,0,3,27,0,0,0,0,0,0,0,0,0,0,0
"(0, 1)_(2, 0)_(2, 1)_nan_nan_nan_nan_nan_nan",125891,2840,0,44,3,0,0,0,0,0,0,0,0,0,0,0
37,126865,1904,0,0,9,0,0,0,0,0,0,0,0,0,0,0
PC115,126403,2322,0,1,52,0,0,0,0,0,0,0,0,0,0,0
"(0, 2)_(1, 0)_(1, 2)_(2, 0)_(2, 1)_(2, 2)_nan_nan_nan",126446,2236,0,95,1,0,0,0,0,0,0,0,0,0,0,0
PC133,119964,8622,0,105,87,0,0,0,0,0,0,0,0,0,0,0
42,125892,2838,0,3,45,0,0,0,0,0,0,0,0,0,0,0
PC61,126402,2324,0,1,51,0,0,0,0,0,0,0,0,0,0,0
13,120431,8194,0,91,62,0,0,0,0,0,0,0,0,0,0,0
"(0, 2)_(1, 0)_(2, 2)_nan_nan_nan_nan_nan_nan",125959,2704,0,112,3,0,0,0,0,0,0,0,0,0,0,0
AvgRelatedness,120492,8072,0,91,123,0,0,0,0,0,0,0,0,0,0,0
"(0, 2)_(1, 0)_nan_nan_nan_nan_nan_nan_nan",125892,2838,0,45,3,0,0,0,0,0,0,0,0,0,0,0
PC195,126880,1874,0,0,24,0,0,0,0,0,0,0,0,0,0,0
"(1, 0)_(1, 1)_(1, 2)_(2, 0)_nan_nan_nan_nan_nan",126894,1846,0,38,0,0,0,0,0,0,0,0,0,0,0,0
StrengthImbalance,122480,6120,0,45,133,0,0,0,0,0,0,0,0,0,0,0
PC145,126863,1908,0,0,7,0,0,0,0,0,0,0,0,0,0,0
"(0, 0)_(0, 1)_(0, 2)_(1, 1)_(1, 2)_(2, 0)_(2, 1)_nan_nan",126954,1726,0,98,0,0,0,0,0,0,0,0,0,0,0,0
"(0, 2)_(1, 0)_(2, 1)_nan_nan_nan_nan_nan_nan",125871,2880,0,24,3,0,0,0,0,0,0,0,0,0,0,0
PC164,125388,3340,0,6,44,0,0,0,0,0,0,0,0,0,0,0
10,125365,3386,0,6,21,0,0,0,0,0,0,0,0,0,0,0
"(1, 0)_(1, 1)_(1, 2)_(2, 0)_(2, 1)_(2, 2)_nan_nan_nan",126946,1742,0,90,0,0,0,0,0,0,0,0,0,0,0,0
PC112,126383,2362,0,1,32,0,0,0,0,0,0,0,0,0,0,0
"(0, 0)_(0, 1)_(1, 0)_(2, 1)_(2, 2)_nan_nan_nan_nan",126539,2050,0,188,1,0,0,0,0,0,0,0,0,0,0,0
"(0, 0)_(0, 2)_(1, 0)_(1, 1)_(2, 2)_nan_nan_nan_nan",126946,1742,0,90,0,0,0,0,0,0,0,0,0,0,0,0
"(0, 1)_(0, 2)_(1, 0)_(1, 1)_(2, 0)_nan_nan_nan_nan",126539,2050,0,188,1,0,0,0,0,0,0,0,0,0,0,0
"(0, 2)_(1, 0)_(2, 0)_(2, 1)_(2, 2)_nan_nan_nan_nan",126946,1742,0,90,0,0,0,0,0,0,0,0,0,0,0,0
PC159,126880,1874,0,0,24,0,0,0,0,0,0,0,0,0,0,0
PC158,125382,3352,0,6,38,0,0,0,0,0,0,0,0,0,0,0
"(0, 1)_(1, 1)_(1, 2)_(2, 1)_(2, 2)_nan_nan_nan_nan",126946,1742,0,90,0,0,0,0,0,0,0,0,0,0,0,0
43,125917,2788,0,3,70,0,0,0,0,0,0,0,0,0,0,0
Type_Sensory,124399,4306,0,15,58,0,0,0,0,0,0,0,0,0,0,0
"(0, 0)_(0, 1)_(0, 2)_(1, 0)_(2, 1)_(2, 2)_nan_nan_nan",126954,1726,0,98,0,0,0,0,0,0,0,0,0,0,0,0
"(0, 1)_(0, 2)_(1, 0)_(1, 2)_(2, 1)_nan_nan_nan_nan",126389,2350,0,38,1,0,0,0,0,0,0,0,0,0,0,0
"(0, 0)_(0, 1)_(0, 2)_(1, 0)_(1, 1)_(2, 0)_nan_nan_nan",126954,1726,0,98,0,0,0,0,0,0,0,0,0,0,0,0
RichClubScore,120999,7564,0,78,137,0,0,0,0,0,0,0,0,0,0,0
"(0, 1)_(1, 2)_nan_nan_nan_nan_nan_nan_nan",125899,2824,0,52,3,0,0,0,0,0,0,0,0,0,0,0
PC123,124405,4294,0,15,64,0,0,0,0,0,0,0,0,0,0,0
"(0, 0)_(0, 2)_(1, 1)_(1, 2)_(2, 1)_(2, 2)_nan_nan_nan",124449,4206,0,108,15,0,0,0,0,0,0,0,0,0,0,0
PC170,126880,1874,0,0,24,0,0,0,0,0,0,0,0,0,0,0
"(1, 0)_(1, 1)_(1, 2)_(2, 0)_(2, 1)_nan_nan_nan_nan",126487,2154,0,136,1,0,0,0,0,0,0,0,0,0,0,0
"(0, 0)_(0, 1)_(0, 2)_(1, 0)_(1, 2)_(2, 1)_(2, 2)_nan_nan",124553,3998,0,212,15,0,0,0,0,0,0,0,0,0,0,0
PC156,125868,2886,0,3,21,0,0,0,0,0,0,0,0,0,0,0
PC176,126861,1912,0,0,5,0,0,0,0,0,0,0,0,0,0,0
PC190,126387,2354,0,1,36,0,0,0,0,0,0,0,0,0,0,0
"(1, 2)_(2, 0)_(2, 2)_nan_nan_nan_nan_nan_nan",126494,2140,0,143,1,0,0,0,0,0,0,0,0,0,0,0
"(0, 0)_(0, 1)_(1, 0)_(1, 1)_(2, 0)_(2, 1)_nan_nan_nan",126946,1742,0,90,0,0,0,0,0,0,0,0,0,0,0,0
"(0, 0)_(0, 1)_(0, 2)_(1, 0)_(1, 1)_nan_nan_nan_nan",126946,1742,0,90,0,0,0,0,0,0,0,0,0,0,0,0
"(0, 0)_(0, 1)_(1, 2)_(2, 1)_(2, 2)_nan_nan_nan_nan",126040,2542,0,193,3,0,0,0,0,0,0,0,0,0,0,0
"(0, 0)_(0, 1)_(0, 2)_(2, 0)_(2, 2)_nan_nan_nan_nan",126946,1742,0,90,0,0,0,0,0,0,0,0,0,0,0,0
"(0, 0)_(0, 2)_(1, 0)_(2, 2)_nan_nan_nan_nan_nan",126946,1742,0,90,0,0,0,0,0,0,0,0,0,0,0,0
44,122893,5800,0,36,49,0,0,0,0,0,0,0,0,0,0,0
PC137,126377,2374,0,1,26,0,0,0,0,0,0,0,0,0,0,0
PC187,126895,1844,0,0,39,0,0,0,0,0,0,0,0,0,0,0
PC191,126861,1912,0,0,5,0,0,0,0,0,0,0,0,0,0,0
"(0, 1)_(0, 2)_(2, 0)_nan_nan_nan_nan_nan_nan",125488,3140,0,144,6,0,0,0,0,0,0,0,0,0,0,0
12,125385,3346,0,6,41,0,0,0,0,0,0,0,0,0,0,0
"(0, 2)_(1, 1)_(1, 2)_(2, 1)_(2, 2)_nan_nan_nan_nan",126946,1742,0,90,0,0,0,0,0,0,0,0,0,0,0,0
HDBSCAN_Cluster,121867,6840,0,55,16,0,0,0,0,0,0,0,0,0,0,0
PC161,126858,1918,0,0,2,0,0,0,0,0,0,0,0,0,0,0
"(0, 2)_(1, 1)_(1, 2)_nan_nan_nan_nan_nan_nan",125885,2852,0,38,3,0,0,0,0,0,0,0,0,0,0,0
"(0, 1)_(1, 0)_(1, 1)_(1, 2)_nan_nan_nan_nan_nan",126894,1846,0,38,0,0,0,0,0,0,0,0,0,0,0,0
PC80,126895,1844,0,0,39,0,0,0,0,0,0,0,0,0,0,0
"(0, 2)_(1, 1)_(1, 2)_(2, 0)_nan_nan_nan_nan_nan",125572,2972,0,228,6,0,0,0,0,0,0,0,0,0,0,0
"(0, 0)_(0, 2)_(1, 0)_(1, 1)_nan_nan_nan_nan_nan",126946,1742,0,90,0,0,0,0,0,0,0,0,0,0,0,0
"(0, 2)_(1, 0)_(1, 1)_(2, 2)_nan_nan_nan_nan_nan",126946,1742,0,90,0,0,0,0,0,0,0,0,0,0,0,0
1,124874,3862,0,10,32,0,0,0,0,0,0,0,0,0,0,0
"(0, 1)_(0, 2)_(1, 0)_(2, 2)_nan_nan_nan_nan_nan",125957,2708,0,110,3,0,0,0,0,0,0,0,0,0,0,0
"(0, 0)_(0, 2)_(1, 1)_(2, 0)_(2, 1)_(2, 2)_nan_nan_nan",125953,2716,0,106,3,0,0,0,0,0,0,0,0,0,0,0
Type_Unknown,125363,3390,0,6,19,0,0,0,0,0,0,0,0,0,0,0
"(0, 0)_(0, 2)_(1, 0)_(1, 2)_(2, 0)_nan_nan_nan_nan",126954,1726,0,98,0,0,0,0,0,0,0,0,0,0,0,0
"(0, 0)_(0, 1)_(1, 0)_(1, 2)_nan_nan_nan_nan_nan",126954,1726,0,98,0,0,0,0,0,0,0,0,0,0,0,0
"(0, 0)_(1, 0)_(1, 2)_(2, 0)_(2, 1)_nan_nan_nan_nan",126869,1896,0,13,0,0,0,0,0,0,0,0,0,0,0,0
PC121,126858,1918,0,0,2,0,0,0,0,0,0,0,0,0,0,0
"(1, 0)_(1, 2)_(2, 0)_(2, 1)_nan_nan_nan_nan_nan",126881,1872,0,25,0,0,0,0,0,0,0,0,0,0,0,0
PC171,124876,3858,0,10,34,0,0,0,0,0,0,0,0,0,0,0
"(0, 1)_(0, 2)_(1, 0)_(2, 0)_(2, 2)_nan_nan_nan_nan",126363,2402,0,12,1,0,0,0,0,0,0,0,0,0,0,0
"(0, 1)_(0, 2)_(1, 0)_nan_nan_nan_nan_nan_nan",126402,2324,0,51,1,0,0,0,0,0,0,0,0,0,0,0
"(0, 1)_(0, 2)_(1, 2)_(2, 1)_(2, 2)_nan_nan_nan_nan",125871,2880,0,24,3,0,0,0,0,0,0,0,0,0,0,0
PC169,126884,1866,0,0,28,0,0,0,0,0,0,0,0,0,0,0
"(0, 0)_(0, 1)_(0, 2)_(1, 0)_(1, 1)_(2, 0)_(2, 1)_(2, 2)_nan",126954,1726,0,98,0,0,0,0,0,0,0,0,0,0,0,0
PC149,126391,2346,0,1,40,0,0,0,0,0,0,0,0,0,0,0
"(0, 1)_(0, 2)_(1, 0)_(1, 2)_(2, 1)_(2, 2)_nan_nan_nan",126355,2418,0,4,1,0,0,0,0,0,0,0,0,0,0,0
48,124863,3884,0,10,21,0,0,0,0,0,0,0,0,0,0,0
53,126367,2394,0,1,16,0,0,0,0,0,0,0,0,0,0,0
LatentArchetype,126886,1862,0,0,30,0,0,0,0,0,0,0,0,0,0,0
45,126862,1910,0,0,6,0,0,0,0,0,0,0,0,0,0,0
PC148,126374,2380,0,1,23,0,0,0,0,0,0,0,0,0,0,0
"(0, 0)_(0, 1)_(1, 0)_(2, 1)_nan_nan_nan_nan_nan",126954,1726,0,98,0,0,0,0,0,0,0,0,0,0,0,0
PC130,126880,1874,0,0,24,0,0,0,0,0,0,0,0,0,0,0
"(0, 1)_(1, 2)_(2, 0)_nan_nan_nan_nan_nan_nan",126954,1726,0,98,0,0,0,0,0,0,0,0,0,0,0,0
PC47,126891,1852,0,0,35,0,0,0,0,0,0,0,0,0,0,0
PC143,125387,3342,0,6,43,0,0,0,0,0,0,0,0,0,0,0
26,126420,2288,0,1,69,0,0,0,0,0,0,0,0,0,0,0
"(1, 1)_(1, 2)_(2, 0)_nan_nan_nan_nan_nan_nan",126393,2342,0,42,1,0,0,0,0,0,0,0,0,0,0,0
TotalStrength,125386,3344,0,6,42,0,0,0,0,0,0,0,0,0,0,0
"(0, 0)_(0, 2)_(1, 2)_(2, 0)_nan_nan_nan_nan_nan",126954,1726,0,98,0,0,0,0,0,0,0,0,0,0,0,0
PC157,126869,1896,0,0,13,0,0,0,0,0,0,0,0,0,0,0
"(0, 1)_(0, 2)_(1, 1)_(1, 2)_nan_nan_nan_nan_nan",126894,1846,0,38,0,0,0,0,0,0,0,0,0,0,0,0
9,123395,5302,0,28,53,0,0,0,0,0,0,0,0,0,0,0
PC110,126891,1852,0,0,35,0,0,0,0,0,0,0,0,0,0,0
23,126875,1884,0,0,19,0,0,0,0,0,0,0,0,0,0,0
"(0, 0)_(0, 1)_(2, 0)_(2, 2)_nan_nan_nan_nan_nan",126946,1742,0,90,0,0,0,0,0,0,0,0,0,0,0,0
"(0, 0)_(0, 1)_(0, 2)_(1, 1)_(1, 2)_(2, 1)_nan_nan_nan",126946,1742,0,90,0,0,0,0,0,0,0,0,0,0,0,0
PC62,126891,1852,0,0,35,0,0,0,0,0,0,0,0,0,0,0
16,126381,2366,0,1,30,0,0,0,0,0,0,0,0,0,0,0
57,126373,2382,0,1,22,0,0,0,0,0,0,0,0,0,0,0
"(0, 0)_(0, 1)_(1, 0)_(1, 2)_(2, 1)_(2, 2)_nan_nan_nan",126954,1726,0,98,0,0,0,0,0,0,0,0,0,0,0,0
"(0, 1)_(0, 2)_(1, 0)_(1, 2)_(2, 0)_(2, 1)_(2, 2)_nan_nan",126954,1726,0,98,0,0,0,0,0,0,0,0,0,0,0,0
PC198,124387,4330,0,15,46,0,0,0,0,0,0,0,0,0,0,0
"(1, 0)_(1, 2)_(2, 1)_(2, 2)_nan_nan_nan_nan_nan",126954,1726,0,98,0,0,0,0,0,0,0,0,0,0,0,0
"(0, 0)_(0, 2)_(1, 0)_(1, 2)_(2, 2)_nan_nan_nan_nan",126946,1742,0,90,0,0,0,0,0,0,0,0,0,0,0,0
PC25,126879,1876,0,0,23,0,0,0,0,0,0,0,0,0,0,0
"(0, 1)_(0, 2)_(1, 0)_(2, 1)_nan_nan_nan_nan_nan",126954,1726,0,98,0,0,0,0,0,0,0,0,0,0,0,0
27,126869,1896,0,0,13,0,0,0,0,0,0,0,0,0,0,0
"(0, 2)_(1, 2)_(2, 1)_(2, 2)_nan_nan_nan_nan_nan",125965,2692,0,118,3,0,0,0,0,0,0,0,0,0,0,0
PC113,125859,2904,0,3,12,0,0,0,0,0,0,0,0,0,0,0
"(0, 1)_(1, 2)_(2, 1)_(2, 2)_nan_nan_nan_nan_nan",126871,1892,0,15,0,0,0,0,0,0,0,0,0,0,0,0
PC134,126863,1908,0,0,7,0,0,0,0,0,0,0,0,0,0,0
"(0, 0)_(0, 2)_(1, 1)_(1, 2)_nan_nan_nan_nan_nan",126871,1892,0,15,0,0,0,0,0,0,0,0,0,0,0,0
"(0, 0)_(0, 1)_(1, 1)_(1, 2)_(2, 2)_nan_nan_nan_nan",126954,1726,0,98,0,0,0,0,0,0,0,0,0,0,0,0
"(0, 0)_(1, 0)_(2, 0)_(2, 2)_nan_nan_nan_nan_nan",126866,1902,0,10,0,0,0,0,0,0,0,0,0,0,0,0
58,124383,4338,0,15,42,0,0,0,0,0,0,0,0,0,0,0
38,126387,2354,0,1,36,0,0,0,0,0,0,0,0,0,0,0
0,126403,2322,0,1,52,0,0,0,0,0,0,0,0,0,0,0
PC128,126861,1912,0,0,5,0,0,0,0,0,0,0,0,0,0,0
50,126367,2394,0,1,16,0,0,0,0,0,0,0,0,0,0,0
62,126385,2358,0,1,34,0,0,0,0,0,0,0,0,0,0,0
PC192,125916,2790,0,3,69,0,0,0,0,0,0,0,0,0,0,0
"(0, 0)_(0, 1)_(1, 0)_(1, 2)_(2, 0)_(2, 1)_nan_nan_nan",126954,1726,0,98,0,0,0,0,0,0,0,0,0,0,0,0
"(0, 2)_(2, 0)_(2, 1)_(2, 2)_nan_nan_nan_nan_nan",126369,2390,0,18,1,0,0,0,0,0,0,0,0,0,0,0
"(1, 2)_(2, 0)_(2, 1)_(2, 2)_nan_nan_nan_nan_nan",126946,1742,0,90,0,0,0,0,0,0,0,0,0,0,0,0
47,126358,2412,0,1,7,0,0,0,0,0,0,0,0,0,0,0
"(0, 0)_(0, 1)_(0, 2)_(2, 2)_nan_nan_nan_nan_nan",126870,1894,0,14,0,0,0,0,0,0,0,0,0,0,0,0
"(0, 0)_(0, 1)_(0, 2)_(1, 2)_(2, 1)_(2, 2)_nan_nan_nan",126463,2202,0,112,1,0,0,0,0,0,0,0,0,0,0,0
29,125917,2788,0,3,70,0,0,0,0,0,0,0,0,0,0,0
"(0, 0)_(0, 2)_(1, 1)_(1, 2)_(2, 0)_nan_nan_nan_nan",126954,1726,0,98,0,0,0,0,0,0,0,0,0,0,0,0
PC188,126895,1844,0,0,39,0,0,0,0,0,0,0,0,0,0,0
PC193,125884,2854,0,3,37,0,0,0,0,0,0,0,0,0,0,0
PC194,126895,1844,0,0,39,0,0,0,0,0,0,0,0,0,0,0
31,126865,1904,0,0,9,0,0,0,0,0,0,0,0,0,0,0
19,125392,3332,0,6,48,0,0,0,0,0,0,0,0,0,0,0
PC197,126895,1844,0,0,39,0,0,0,0,0,0,0,0,0,0,0
22,125860,2902,0,3,13,0,0,0,0,0,0,0,0,0,0,0
39,125867,2888,0,3,20,0,0,0,0,0,0,0,0,0,0,0
PC173,126360,2408,0,1,9,0,0,0,0,0,0,0,0,0,0,0
"(0, 2)_(1, 1)_(1, 2)_(2, 0)_(2, 2)_nan_nan_nan_nan",126539,2050,0,188,1,0,0,0,0,0,0,0,0,0,0,0
"(1, 0)_(1, 2)_(2, 0)_(2, 2)_nan_nan_nan_nan_nan",126863,1908,0,7,0,0,0,0,0,0,0,0,0,0,0,0
61,126359,2410,0,1,8,0,0,0,0,0,0,0,0,0,0,0
PC144,125867,2888,0,3,20,0,0,0,0,0,0,0,0,0,0,0
24,126887,1860,0,0,31,0,0,0,0,0,0,0,0,0,0,0
"(0, 0)_(0, 2)_(1, 0)_(1, 2)_(2, 0)_(2, 2)_nan_nan_nan",126954,1726,0,98,0,0,0,0,0,0,0,0,0,0,0,0
"(0, 0)_(0, 2)_(1, 2)_(2, 2)_nan_nan_nan_nan_nan",126870,1894,0,14,0,0,0,0,0,0,0,0,0,0,0,0
"(0, 0)_(0, 1)_(1, 0)_(1, 2)_(2, 0)_nan_nan_nan_nan",126954,1726,0,98,0,0,0,0,0,0,0,0,0,0,0,0
"(0, 2)_(1, 2)_(2, 0)_(2, 1)_(2, 2)_nan_nan_nan_nan",126946,1742,0,90,0,0,0,0,0,0,0,0,0,0,0,0
"(0, 0)_(1, 1)_(1, 2)_(2, 0)_nan_nan_nan_nan_nan",126894,1846,0,38,0,0,0,0,0,0,0,0,0,0,0,0
"(0, 0)_(1, 0)_(2, 1)_nan_nan_nan_nan_nan_nan",126368,2392,0,17,1,0,0,0,0,0,0,0,0,0,0,0
30,126371,2386,0,1,20,0,0,0,0,0,0,0,0,0,0,0
"(0, 0)_(0, 1)_(0, 2)_(1, 0)_(1, 1)_(1, 2)_(2, 0)_(2, 2)_nan",126954,1726,0,98,0,0,0,0,0,0,0,0,0,0,0,0
PC152,126876,1882,0,0,20,0,0,0,0,0,0,0,0,0,0,0
18,125863,2896,0,3,16,0,0,0,0,0,0,0,0,0,0,0
PC117,124373,4358,0,15,32,0,0,0,0,0,0,0,0,0,0,0
PC118,125868,2886,0,3,21,0,0,0,0,0,0,0,0,0,0,0
"(0, 0)_(0, 1)_(2, 0)_nan_nan_nan_nan_nan_nan",126866,1902,0,10,0,0,0,0,0,0,0,0,0,0,0,0
"(0, 0)_(1, 0)_(2, 1)_(2, 2)_nan_nan_nan_nan_nan",126954,1726,0,98,0,0,0,0,0,0,0,0,0,0,0,0
"(1, 0)_(1, 1)_(1, 2)_nan_nan_nan_nan_nan_nan",126894,1846,0,38,0,0,0,0,0,0,0,0,0,0,0,0
PC116,126895,1844,0,0,39,0,0,0,0,0,0,0,0,0,0,0
PC132,126895,1844,0,0,39,0,0,0,0,0,0,0,0,0,0,0
32,126857,1920,0,0,1,0,0,0,0,0,0,0,0,0,0,0
"(0, 2)_(1, 1)_(2, 1)_(2, 2)_nan_nan_nan_nan_nan",126352,2424,0,1,1,0,0,0,0,0,0,0,0,0,0,0
"(0, 0)_(0, 1)_(1, 0)_(1, 1)_(1, 2)_(2, 0)_(2, 1)_nan_nan",126954,1726,0,98,0,0,0,0,0,0,0,0,0,0,0,0
63,126358,2412,0,1,7,0,0,0,0,0,0,0,0,0,0,0
"(0, 2)_(1, 1)_(1, 2)_(2, 0)_(2, 1)_nan_nan_nan_nan",126946,1742,0,90,0,0,0,0,0,0,0,0,0,0,0,0
PC131,126895,1844,0,0,39,0,0,0,0,0,0,0,0,0,0,0
"(0, 0)_(1, 2)_(2, 0)_nan_nan_nan_nan_nan_nan",126866,1902,0,10,0,0,0,0,0,0,0,0,0,0,0,0
PC136,126361,2406,0,1,10,0,0,0,0,0,0,0,0,0,0,0
"(0, 0)_(1, 0)_(1, 1)_(2, 0)_(2, 1)_nan_nan_nan_nan",126866,1902,0,10,0,0,0,0,0,0,0,0,0,0,0,0
"(1, 0)_(2, 0)_(2, 1)_(2, 2)_nan_nan_nan_nan_nan",126868,1898,0,12,0,0,0,0,0,0,0,0,0,0,0,0
"(0, 1)_(0, 2)_(1, 0)_(2, 0)_(2, 1)_nan_nan_nan_nan",126539,2050,0,188,1,0,0,0,0,0,0,0,0,0,0,0
"(0, 0)_(0, 2)_(1, 2)_nan_nan_nan_nan_nan_nan",126871,1892,0,15,0,0,0,0,0,0,0,0,0,0,0,0
"(0, 0)_(0, 1)_(0, 2)_(1, 0)_(2, 0)_(2, 1)_nan_nan_nan",126954,1726,0,98,0,0,0,0,0,0,0,0,0,0,0,0
"(0, 0)_(1, 0)_(1, 1)_(1, 2)_(2, 1)_nan_nan_nan_nan",126954,1726,0,98,0,0,0,0,0,0,0,0,0,0,0,0
"(0, 1)_(0, 2)_(1, 0)_(1, 2)_(2, 0)_nan_nan_nan_nan",126539,2050,0,188,1,0,0,0,0,0,0,0,0,0,0,0
49,126869,1896,0,0,13,0,0,0,0,0,0,0,0,0,0,0
PC153,126874,1886,0,0,18,0,0,0,0,0,0,0,0,0,0,0
PC166,126380,2368,0,1,29,0,0,0,0,0,0,0,0,0,0,0
"(0, 1)_(1, 0)_(1, 1)_(2, 0)_(2, 1)_nan_nan_nan_nan",126863,1908,0,7,0,0,0,0,0,0,0,0,0,0,0,0
"(0, 0)_(1, 0)_(2, 0)_(2, 1)_nan_nan_nan_nan_nan",126880,1874,0,24,0,0,0,0,0,0,0,0,0,0,0,0
"(0, 0)_(0, 2)_(1, 2)_(2, 0)_(2, 2)_nan_nan_nan_nan",126539,2050,0,188,1,0,0,0,0,0,0,0,0,0,0,0
PC175,126393,2342,0,1,42,0,0,0,0,0,0,0,0,0,0,0
"(0, 0)_(1, 0)_(1, 1)_(2, 1)_nan_nan_nan_nan_nan",126449,2230,0,98,1,0,0,0,0,0,0,0,0,0,0,0
"(0, 1)_(0, 2)_(1, 0)_(1, 2)_(2, 0)_(2, 1)_nan_nan_nan",126954,1726,0,98,0,0,0,0,0,0,0,0,0,0,0,0
PC179,126884,1866,0,0,28,0,0,0,0,0,0,0,0,0,0,0
"(0, 0)_(0, 1)_(0, 2)_(1, 0)_(1, 2)_(2, 1)_nan_nan_nan",126954,1726,0,98,0,0,0,0,0,0,0,0,0,0,0,0
6,126874,1886,0,0,18,0,0,0,0,0,0,0,0,0,0,0
"(0, 2)_(1, 0)_(2, 1)_(2, 2)_nan_nan_nan_nan_nan",126894,1846,0,38,0,0,0,0,0,0,0,0,0,0,0,0
PC122,126865,1904,0,0,9,0,0,0,0,0,0,0,0,0,0,0
"(0, 1)_(2, 1)_(2, 2)_nan_nan_nan_nan_nan_nan",126866,1902,0,10,0,0,0,0,0,0,0,0,0,0,0,0
"(0, 1)_(0, 2)_(1, 2)_(2, 0)_(2, 1)_nan_nan_nan_nan",126954,1726,0,98,0,0,0,0,0,0,0,0,0,0,0,0
PC167,126865,1904,0,0,9,0,0,0,0,0,0,0,0,0,0,0
"(0, 1)_(0, 2)_(2, 1)_(2, 2)_nan_nan_nan_nan_nan",126894,1846,0,38,0,0,0,0,0,0,0,0,0,0,0,0
PC168,126870,1894,0,0,14,0,0,0,0,0,0,0,0,0,0,0
"(0, 0)_(0, 1)_(1, 1)_(1, 2)_nan_nan_nan_nan_nan",126954,1726,0,98,0,0,0,0,0,0,0,0,0,0,0,0
"(0, 0)_(0, 2)_(2, 0)_(2, 1)_(2, 2)_nan_nan_nan_nan",126954,1726,0,98,0,0,0,0,0,0,0,0,0,0,0,0
34,126868,1898,0,0,12,0,0,0,0,0,0,0,0,0,0,0
"(0, 0)_(0, 1)_(0, 2)_(1, 2)_(2, 1)_nan_nan_nan_nan",126954,1726,0,98,0,0,0,0,0,0,0,0,0,0,0,0
"(0, 1)_(1, 0)_(1, 2)_(2, 0)_nan_nan_nan_nan_nan",125987,2648,0,140,3,0,0,0,0,0,0,0,0,0,0,0
"(0, 0)_(0, 1)_(1, 0)_(2, 0)_(2, 2)_nan_nan_nan_nan",126946,1742,0,90,0,0,0,0,0,0,0,0,0,0,0,0
"(0, 1)_(0, 2)_(1, 0)_(2, 0)_(2, 1)_(2, 2)_nan_nan_nan",126465,2198,0,114,1,0,0,0,0,0,0,0,0,0,0,0
"(0, 0)_(0, 1)_(0, 2)_(1, 0)_(1, 1)_(1, 2)_(2, 0)_nan_nan",126954,1726,0,98,0,0,0,0,0,0,0,0,0,0,0,0
17,126869,1896,0,0,13,0,0,0,0,0,0,0,0,0,0,0
"(0, 2)_(1, 0)_(1, 1)_(1, 2)_nan_nan_nan_nan_nan",126894,1846,0,38,0,0,0,0,0,0,0,0,0,0,0,0
2,126895,1844,0,0,39,0,0,0,0,0,0,0,0,0,0,0
"(0, 0)_(0, 1)_(0, 2)_(1, 0)_(2, 1)_nan_nan_nan_nan",126954,1726,0,98,0,0,0,0,0,0,0,0,0,0,0,0
PC138,126860,1914,0,0,4,0,0,0,0,0,0,0,0,0,0,0
"(0, 0)_(1, 0)_(1, 2)_(2, 1)_(2, 2)_nan_nan_nan_nan",126954,1726,0,98,0,0,0,0,0,0,0,0,0,0,0,0
25,126870,1894,0,0,14,0,0,0,0,0,0,0,0,0,0,0
4,126386,2356,0,1,35,0,0,0,0,0,0,0,0,0,0,0
5,126895,1844,0,0,39,0,0,0,0,0,0,0,0,0,0,0
21,126872,1890,0,0,16,0,0,0,0,0,0,0,0,0,0,0
33,126891,1852,0,0,35,0,0,0,0,0,0,0,0,0,0,0
"(0, 2)_(1, 0)_(1, 2)_(2, 0)_nan_nan_nan_nan_nan",126474,2180,0,123,1,0,0,0,0,0,0,0,0,0,0,0
"(0, 0)_(0, 1)_(1, 0)_(1, 1)_(1, 2)_nan_nan_nan_nan",126954,1726,0,98,0,0,0,0,0,0,0,0,0,0,0,0
46,126865,1904,0,0,9,0,0,0,0,0,0,0,0,0,0,0
"(0, 0)_(0, 2)_(1, 0)_(1, 1)_(2, 0)_(2, 1)_nan_nan_nan",126954,1726,0,98,0,0,0,0,0,0,0,0,0,0,0,0
"(0, 0)_(0, 1)_(0, 2)_(1, 0)_nan_nan_nan_nan_nan",126954,1726,0,98,0,0,0,0,0,0,0,0,0,0,0,0
14,126869,1896,0,0,13,0,0,0,0,0,0,0,0,0,0,0
"(0, 0)_(0, 1)_(0, 2)_(1, 0)_(1, 1)_(1, 2)_(2, 0)_(2, 1)_(2, 2)",126954,1726,0,98,0,0,0,0,0,0,0,0,0,0,0,0
"(0, 0)_(0, 2)_(1, 2)_(2, 0)_(2, 1)_nan_nan_nan_nan",126954,1726,0,98,0,0,0,0,0,0,0,0,0,0,0,0
"(0, 0)_(1, 1)_(2, 0)_(2, 1)_nan_nan_nan_nan_nan",126946,1742,0,90,0,0,0,0,0,0,0,0,0,0,0,0
"(0, 1)_(1, 0)_(1, 1)_(2, 0)_(2, 1)_(2, 2)_nan_nan_nan",126946,1742,0,90,0,0,0,0,0,0,0,0,0,0,0,0
"(0, 0)_(0, 1)_(1, 0)_(1, 1)_(2, 1)_(2, 2)_nan_nan_nan",126954,1726,0,98,0,0,0,0,0,0,0,0,0,0,0,0
56,126868,1898,0,0,12,0,0,0,0,0,0,0,0,0,0,0
